Accession,Organism_Name,Species,Genotype,Isolate,Length,Nuc_Completeness,Geo_Location,Country,Host,Tissue_Specimen_Source,Submitters,Collection_Date,Release_Date,Molecule_type
OZ484492,dengue virus type 2,Orthoflavivirus denguei,,IEDCR-ARBV2500987,10512,complete,Bangladesh:Dhaka,Bangladesh,Homo sapiens,,"Nasif,M.A.O., Alam,A.N., Jony,M.H.K., Bhuiyan,M.A., Sultana,S., Hossen,A., Karmakar,L., Shirin,T.",2025-10-29,2026-06-17,ssRNA(+)
OZ484493,dengue virus type 3,Orthoflavivirus denguei,,IEDCR-ARBV2501060,10461,complete,Bangladesh:Dhaka,Bangladesh,Homo sapiens,,"Nasif,M.A.O., Alam,A.N., Jony,M.H.K., Bhuiyan,M.A., Sultana,S., Hossen,A., Karmakar,L., Shirin,T.",2025-11-24,2026-06-17,ssRNA(+)
OZ484494,dengue virus type 2,Orthoflavivirus denguei,,IEDCR-ARBV2500878,10512,complete,Bangladesh:Dhaka,Bangladesh,Homo sapiens,,"Nasif,M.A.O., Alam,A.N., Jony,M.H.K., Bhuiyan,M.A., Sultana,S., Hossen,A., Karmakar,L., Shirin,T.",2025-10-08,2026-06-17,ssRNA(+)
OZ484495,dengue virus type 2,Orthoflavivirus denguei,,IEDCR-ARBV2500699,10512,complete,Bangladesh:Dhaka,Bangladesh,Homo sapiens,,"Nasif,M.A.O., Alam,A.N., Jony,M.H.K., Bhuiyan,M.A., Sultana,S., Hossen,A., Karmakar,L., Shirin,T.",2025-08-25,2026-06-17,ssRNA(+)
OZ484496,dengue virus type 2,Orthoflavivirus denguei,,IEDCR-ARBV2500892,10512,complete,Bangladesh:Dhaka,Bangladesh,Homo sapiens,,"Nasif,M.A.O., Alam,A.N., Jony,M.H.K., Bhuiyan,M.A., Sultana,S., Hossen,A., Karmakar,L., Shirin,T.",2025-10-13,2026-06-17,ssRNA(+)
OZ484497,dengue virus type 2,Orthoflavivirus denguei,,IEDCR-ARBV2500037,10512,complete,Bangladesh:Dhaka,Bangladesh,Homo sapiens,,"Nasif,M.A.O., Alam,A.N., Jony,M.H.K., Bhuiyan,M.A., Sultana,S., Hossen,A., Karmakar,L., Shirin,T.",2025-01-16,2026-06-17,ssRNA(+)
OZ484498,dengue virus type 2,Orthoflavivirus denguei,,IEDCR-CBD625009,10512,complete,Bangladesh:Barguna,Bangladesh,Homo sapiens,,"Nasif,M.A.O., Alam,A.N., Jony,M.H.K., Bhuiyan,M.A., Sultana,S., Hossen,A., Karmakar,L., Shirin,T.",2025-06-17,2026-06-17,ssRNA(+)
OZ484499,dengue virus type 2,Orthoflavivirus denguei,,IEDCR-ARBV2501007,10512,complete,Bangladesh:Dhaka,Bangladesh,Homo sapiens,,"Nasif,M.A.O., Alam,A.N., Jony,M.H.K., Bhuiyan,M.A., Sultana,S., Hossen,A., Karmakar,L., Shirin,T.",2025-11-02,2026-06-17,ssRNA(+)
OZ484500,dengue virus type 3,Orthoflavivirus denguei,,IEDCR-ARBV2501038,10461,complete,Bangladesh:Dhaka,Bangladesh,Homo sapiens,,"Nasif,M.A.O., Alam,A.N., Jony,M.H.K., Bhuiyan,M.A., Sultana,S., Hossen,A., Karmakar,L., Shirin,T.",2025-11-12,2026-06-17,ssRNA(+)
OZ484501,dengue virus type 1,Orthoflavivirus denguei,,IEDCR-CXB12704,10477,complete,Bangladesh:Cox's Bazar,Bangladesh,Homo sapiens,,"Nasif,M.A.O., Alam,A.N., Jony,M.H.K., Bhuiyan,M.A., Sultana,S., Hossen,A., Karmakar,L., Shirin,T.",2025-08-12,2026-06-17,ssRNA(+)
OZ484502,dengue virus type 1,Orthoflavivirus denguei,,IEDCR-ARBV2500806,10477,complete,Bangladesh:Dhaka,Bangladesh,Homo sapiens,,"Nasif,M.A.O., Alam,A.N., Jony,M.H.K., Bhuiyan,M.A., Sultana,S., Hossen,A., Karmakar,L., Shirin,T.",2025-09-17,2026-06-17,ssRNA(+)
OZ484503,dengue virus type 4,Orthoflavivirus denguei,,IEDCR-ARBV2500972,10511,complete,Bangladesh:Dhaka,Bangladesh,Homo sapiens,,"Nasif,M.A.O., Alam,A.N., Jony,M.H.K., Bhuiyan,M.A., Sultana,S., Hossen,A., Karmakar,L., Shirin,T.",2025-10-27,2026-06-17,ssRNA(+)
OZ484504,dengue virus type 4,Orthoflavivirus denguei,,IEDCR-ARBV2501018,10511,complete,Bangladesh:Dhaka,Bangladesh,Homo sapiens,,"Nasif,M.A.O., Alam,A.N., Jony,M.H.K., Bhuiyan,M.A., Sultana,S., Hossen,A., Karmakar,L., Shirin,T.",2025-11-05,2026-06-17,ssRNA(+)
OZ484505,dengue virus type 2,Orthoflavivirus denguei,,IEDCR-ARBV2501041,10512,complete,Bangladesh:Dhaka,Bangladesh,Homo sapiens,,"Nasif,M.A.O., Alam,A.N., Jony,M.H.K., Bhuiyan,M.A., Sultana,S., Hossen,A., Karmakar,L., Shirin,T.",2025-11-13,2026-06-17,ssRNA(+)
OZ484506,dengue virus type 1,Orthoflavivirus denguei,,IEDCR-CXB14603,10477,complete,Bangladesh:Cox's Bazar,Bangladesh,Homo sapiens,,"Nasif,M.A.O., Alam,A.N., Jony,M.H.K., Bhuiyan,M.A., Sultana,S., Hossen,A., Karmakar,L., Shirin,T.",2025-08-13,2026-06-17,ssRNA(+)
OZ484507,dengue virus type 2,Orthoflavivirus denguei,,IEDCR-ARBV2500916,10512,complete,Bangladesh:Dhaka,Bangladesh,Homo sapiens,,"Nasif,M.A.O., Alam,A.N., Jony,M.H.K., Bhuiyan,M.A., Sultana,S., Hossen,A., Karmakar,L., Shirin,T.",2025-10-16,2026-06-17,ssRNA(+)
OZ484508,dengue virus type 2,Orthoflavivirus denguei,,IEDCR-ARBV2501044,10512,complete,Bangladesh:Dhaka,Bangladesh,Homo sapiens,,"Nasif,M.A.O., Alam,A.N., Jony,M.H.K., Bhuiyan,M.A., Sultana,S., Hossen,A., Karmakar,L., Shirin,T.",2025-11-16,2026-06-17,ssRNA(+)
OZ484509,dengue virus type 2,Orthoflavivirus denguei,,IEDCR-ARBV2500988,10512,complete,Bangladesh:Dhaka,Bangladesh,Homo sapiens,,"Nasif,M.A.O., Alam,A.N., Jony,M.H.K., Bhuiyan,M.A., Sultana,S., Hossen,A., Karmakar,L., Shirin,T.",2025-10-29,2026-06-17,ssRNA(+)
OZ484510,dengue virus type 1,Orthoflavivirus denguei,,IEDCR-ARBV2500917,10477,complete,Bangladesh:Dhaka,Bangladesh,Homo sapiens,,"Nasif,M.A.O., Alam,A.N., Jony,M.H.K., Bhuiyan,M.A., Sultana,S., Hossen,A., Karmakar,L., Shirin,T.",2025-10-13,2026-06-17,ssRNA(+)
OZ484511,dengue virus type 1,Orthoflavivirus denguei,,IEDCR-ARBV2500992,10477,complete,Bangladesh:Dhaka,Bangladesh,Homo sapiens,,"Nasif,M.A.O., Alam,A.N., Jony,M.H.K., Bhuiyan,M.A., Sultana,S., Hossen,A., Karmakar,L., Shirin,T.",2025-10-27,2026-06-17,ssRNA(+)
OZ484512,dengue virus type 2,Orthoflavivirus denguei,,IEDCR-ARBV2500989,10512,complete,Bangladesh:Dhaka,Bangladesh,Homo sapiens,,"Nasif,M.A.O., Alam,A.N., Jony,M.H.K., Bhuiyan,M.A., Sultana,S., Hossen,A., Karmakar,L., Shirin,T.",2025-10-29,2026-06-17,ssRNA(+)
OZ484513,dengue virus type 3,Orthoflavivirus denguei,,IEDCR-ARBV2501003,10461,complete,Bangladesh:Dhaka,Bangladesh,Homo sapiens,,"Nasif,M.A.O., Alam,A.N., Jony,M.H.K., Bhuiyan,M.A., Sultana,S., Hossen,A., Karmakar,L., Shirin,T.",2025-10-30,2026-06-17,ssRNA(+)
OZ484514,dengue virus type 2,Orthoflavivirus denguei,,IEDCR-ARBV2500955,10512,complete,Bangladesh:Dhaka,Bangladesh,Homo sapiens,,"Nasif,M.A.O., Alam,A.N., Jony,M.H.K., Bhuiyan,M.A., Sultana,S., Hossen,A., Karmakar,L., Shirin,T.",2025-10-23,2026-06-17,ssRNA(+)
OZ484515,dengue virus type 3,Orthoflavivirus denguei,,IEDCR-ARBV2501071,10461,complete,Bangladesh:Dhaka,Bangladesh,Homo sapiens,,"Nasif,M.A.O., Alam,A.N., Jony,M.H.K., Bhuiyan,M.A., Sultana,S., Hossen,A., Karmakar,L., Shirin,T.",2025-12-03,2026-06-17,ssRNA(+)
OZ484516,dengue virus type 3,Orthoflavivirus denguei,,IEDCR-ARBV2501063,10461,complete,Bangladesh:Dhaka,Bangladesh,Homo sapiens,,"Nasif,M.A.O., Alam,A.N., Jony,M.H.K., Bhuiyan,M.A., Sultana,S., Hossen,A., Karmakar,L., Shirin,T.",2025-11-27,2026-06-17,ssRNA(+)
OZ484517,dengue virus type 3,Orthoflavivirus denguei,,IEDCR-ARBV2500903,10461,complete,Bangladesh:Dhaka,Bangladesh,Homo sapiens,,"Nasif,M.A.O., Alam,A.N., Jony,M.H.K., Bhuiyan,M.A., Sultana,S., Hossen,A., Karmakar,L., Shirin,T.",2025-10-14,2026-06-17,ssRNA(+)
OZ484518,dengue virus type 2,Orthoflavivirus denguei,,IEDCR-ARBV2500975,10512,complete,Bangladesh:Dhaka,Bangladesh,Homo sapiens,,"Nasif,M.A.O., Alam,A.N., Jony,M.H.K., Bhuiyan,M.A., Sultana,S., Hossen,A., Karmakar,L., Shirin,T.",2025-10-27,2026-06-17,ssRNA(+)
PZ017435,dengue virus type 3,Orthoflavivirus denguei,3,MMC1-2024,1479,partial,Bangladesh,Bangladesh,Homo sapiens,blood,"Aung,M.S., Kobayashi,N.",2024-10-31,2026-02-24,ssRNA(+)
PZ017436,dengue virus type 3,Orthoflavivirus denguei,3,MMC6-2024,1479,partial,Bangladesh,Bangladesh,Homo sapiens,blood,"Aung,M.S., Kobayashi,N.",2024-10-31,2026-02-24,ssRNA(+)
PZ017437,dengue virus type 3,Orthoflavivirus denguei,3,MMC19-2024,1479,partial,Bangladesh,Bangladesh,Homo sapiens,blood,"Aung,M.S., Kobayashi,N.",2024-10-31,2026-02-24,ssRNA(+)
PZ017438,dengue virus type 3,Orthoflavivirus denguei,3,MMC39-2024,1998,partial,Bangladesh,Bangladesh,Homo sapiens,blood,"Aung,M.S., Kobayashi,N.",2024-10-31,2026-02-24,ssRNA(+)
PZ017439,dengue virus type 3,Orthoflavivirus denguei,3,MMC42-2024,2024,partial,Bangladesh,Bangladesh,Homo sapiens,blood,"Aung,M.S., Kobayashi,N.",2024-10-31,2026-02-24,ssRNA(+)
PZ017440,dengue virus type 3,Orthoflavivirus denguei,3,MMC165-2024,2154,partial,Bangladesh,Bangladesh,Homo sapiens,blood,"Aung,M.S., Kobayashi,N.",2025-09-30,2026-02-24,ssRNA(+)
PZ017441,dengue virus type 3,Orthoflavivirus denguei,3,MMC178-2024,2154,partial,Bangladesh,Bangladesh,Homo sapiens,blood,"Aung,M.S., Kobayashi,N.",2025-09-30,2026-02-24,ssRNA(+)
PZ017442,dengue virus type 3,Orthoflavivirus denguei,3,MMC204-2024,2154,partial,Bangladesh,Bangladesh,Homo sapiens,blood,"Aung,M.S., Kobayashi,N.",2025-09-30,2026-02-24,ssRNA(+)
PZ017443,dengue virus type 3,Orthoflavivirus denguei,3,MMC206-2024,2173,partial,Bangladesh,Bangladesh,Homo sapiens,blood,"Aung,M.S., Kobayashi,N.",2025-09-30,2026-02-24,ssRNA(+)
PZ017444,dengue virus type 3,Orthoflavivirus denguei,3,MMC221-2024,2154,partial,Bangladesh,Bangladesh,Homo sapiens,blood,"Aung,M.S., Kobayashi,N.",2025-09-30,2026-02-24,ssRNA(+)
PZ017578,dengue virus type 4,Orthoflavivirus denguei,4,MMC141-2024,1584,partial,Bangladesh,Bangladesh,Homo sapiens,blood,"Aung,M.S., Kobayashi,N.",2024-10-31,2026-02-24,ssRNA(+)
PZ017579,dengue virus type 2,Orthoflavivirus denguei,2,MMC4-2024,1485,partial,Bangladesh,Bangladesh,Homo sapiens,blood,"Aung,M.S., Kobayashi,N.",2024-10-31,2026-02-24,ssRNA(+)
PZ017580,dengue virus type 2,Orthoflavivirus denguei,2,MMC18-2024,1485,partial,Bangladesh,Bangladesh,Homo sapiens,blood,"Aung,M.S., Kobayashi,N.",2024-10-31,2026-02-24,ssRNA(+)
PZ017581,dengue virus type 2,Orthoflavivirus denguei,2,MMC26-2024,1485,partial,Bangladesh,Bangladesh,Homo sapiens,blood,"Aung,M.S., Kobayashi,N.",2024-10-31,2026-02-24,ssRNA(+)
PZ017582,dengue virus type 2,Orthoflavivirus denguei,2,MMC106-2024,1713,partial,Bangladesh,Bangladesh,Homo sapiens,blood,"Aung,M.S., Kobayashi,N.",2024-10-31,2026-02-24,ssRNA(+)
PZ017583,dengue virus type 2,Orthoflavivirus denguei,2,MMC116-2024,1591,partial,Bangladesh,Bangladesh,Homo sapiens,blood,"Aung,M.S., Kobayashi,N.",2024-10-31,2026-02-24,ssRNA(+)
PZ017584,dengue virus type 2,Orthoflavivirus denguei,2,MMC131-2024,1664,partial,Bangladesh,Bangladesh,Homo sapiens,blood,"Aung,M.S., Kobayashi,N.",2024-10-31,2026-02-24,ssRNA(+)
PZ017585,dengue virus type 2,Orthoflavivirus denguei,2,MMC134-2024,1541,partial,Bangladesh,Bangladesh,Homo sapiens,blood,"Aung,M.S., Kobayashi,N.",2024-10-31,2026-02-24,ssRNA(+)
PZ017586,dengue virus type 2,Orthoflavivirus denguei,2,MMC138-2024,1542,partial,Bangladesh,Bangladesh,Homo sapiens,blood,"Aung,M.S., Kobayashi,N.",2024-10-31,2026-02-24,ssRNA(+)
PZ017587,dengue virus type 2,Orthoflavivirus denguei,2,MMC140-2024,1669,partial,Bangladesh,Bangladesh,Homo sapiens,blood,"Aung,M.S., Kobayashi,N.",2024-10-31,2026-02-24,ssRNA(+)
PZ017588,dengue virus type 2,Orthoflavivirus denguei,2,MMC149-2024,1673,partial,Bangladesh,Bangladesh,Homo sapiens,blood,"Aung,M.S., Kobayashi,N.",2024-10-31,2026-02-24,ssRNA(+)
PZ017589,dengue virus type 2,Orthoflavivirus denguei,2,MMC208-2024,1631,partial,Bangladesh,Bangladesh,Homo sapiens,blood,"Aung,M.S., Kobayashi,N.",2025-09-30,2026-02-24,ssRNA(+)
PZ017590,dengue virus type 2,Orthoflavivirus denguei,2,MMC213-2024,1631,partial,Bangladesh,Bangladesh,Homo sapiens,blood,"Aung,M.S., Kobayashi,N.",2025-09-30,2026-02-24,ssRNA(+)
PZ017591,dengue virus type 2,Orthoflavivirus denguei,2,MMC217-2024,1631,partial,Bangladesh,Bangladesh,Homo sapiens,blood,"Aung,M.S., Kobayashi,N.",2025-09-30,2026-02-24,ssRNA(+)
PZ017592,dengue virus type 2,Orthoflavivirus denguei,2,MMC227-2024,1631,partial,Bangladesh,Bangladesh,Homo sapiens,blood,"Aung,M.S., Kobayashi,N.",2025-11-30,2026-02-24,ssRNA(+)
PZ017593,dengue virus type 2,Orthoflavivirus denguei,2,MMC229-2024,1631,partial,Bangladesh,Bangladesh,Homo sapiens,blood,"Aung,M.S., Kobayashi,N.",2025-11-30,2026-02-24,ssRNA(+)
PZ017594,dengue virus type 2,Orthoflavivirus denguei,2,MMC232-2024,1634,partial,Bangladesh,Bangladesh,Homo sapiens,blood,"Aung,M.S., Kobayashi,N.",2025-11-30,2026-02-24,ssRNA(+)
PX701199,dengue virus type 2,Orthoflavivirus denguei,2,Q2394,10655,partial,Bangladesh,Bangladesh,Homo sapiens,blood,"Rueca,M., Gruber,C.E.M., Specchiarello,E., Maggi,F., Chillemi,G., Carletti,F.",2024-08-01,2025-12-20,ssRNA(+)
PQ621312,dengue virus type 2,Orthoflavivirus denguei,2,S20/DENV-2,150,partial,Bangladesh: Barishal,Bangladesh,Homo sapiens,blood,"Akter,L., Rakib,T.M., Rana,E.A., Alam,M., Khalil,I., Kabir,A.A., Biswas,R.S., Matsumoto,Y., Chowdhury,S., Kohara,K.-T.",2023-06,2025-01-07,ssRNA(+)
PQ621313,dengue virus type 2,Orthoflavivirus denguei,2,S18/DENV-2,150,partial,Bangladesh: Barishal,Bangladesh,Homo sapiens,blood,"Akter,L., Rakib,T.M., Rana,E.A., Alam,M., Khalil,I., Kabir,A.A., Biswas,R.S., Matsumoto,Y., Chowdhury,S., Kohara,K.-T.",2023-06,2025-01-07,ssRNA(+)
PQ621314,dengue virus type 2,Orthoflavivirus denguei,2,S16/DENV-2,150,partial,Bangladesh: Barishal,Bangladesh,Homo sapiens,blood,"Akter,L., Rakib,T.M., Rana,E.A., Alam,M., Khalil,I., Kabir,A.A., Biswas,R.S., Matsumoto,Y., Chowdhury,S., Kohara,K.-T.",2023-06,2025-01-07,ssRNA(+)
PQ621315,dengue virus type 2,Orthoflavivirus denguei,2,S15/DENV-2,150,partial,Bangladesh: Barishal,Bangladesh,Homo sapiens,blood,"Akter,L., Rakib,T.M., Rana,E.A., Alam,M., Khalil,I., Kabir,A.A., Biswas,R.S., Matsumoto,Y., Chowdhury,S., Kohara,K.-T.",2023-06,2025-01-07,ssRNA(+)
PQ621316,dengue virus type 2,Orthoflavivirus denguei,2,S14/DENV-2,150,partial,Bangladesh: Barishal,Bangladesh,Homo sapiens,blood,"Akter,L., Rakib,T.M., Rana,E.A., Alam,M., Khalil,I., Kabir,A.A., Biswas,R.S., Matsumoto,Y., Chowdhury,S., Kohara,K.-T.",2023-06,2025-01-07,ssRNA(+)
PQ621317,dengue virus type 2,Orthoflavivirus denguei,2,S13/DENV-2,150,partial,Bangladesh: Barishal,Bangladesh,Homo sapiens,blood,"Akter,L., Rakib,T.M., Rana,E.A., Alam,M., Khalil,I., Kabir,A.A., Biswas,R.S., Matsumoto,Y., Chowdhury,S., Kohara,K.-T.",2023-06,2025-01-07,ssRNA(+)
PQ621318,dengue virus type 2,Orthoflavivirus denguei,2,S12/DENV-2,150,partial,Bangladesh: Barishal,Bangladesh,Homo sapiens,blood,"Akter,L., Rakib,T.M., Rana,E.A., Alam,M., Khalil,I., Kabir,A.A., Biswas,R.S., Matsumoto,Y., Chowdhury,S., Kohara,K.-T.",2023-06,2025-01-07,ssRNA(+)
PQ621319,dengue virus type 2,Orthoflavivirus denguei,2,S11/DENV-2,150,partial,Bangladesh: Barishal,Bangladesh,Homo sapiens,blood,"Akter,L., Rakib,T.M., Rana,E.A., Alam,M., Khalil,I., Kabir,A.A., Biswas,R.S., Matsumoto,Y., Chowdhury,S., Kohara,K.-T.",2023-06,2025-01-07,ssRNA(+)
PQ621320,dengue virus type 2,Orthoflavivirus denguei,2,S10/DENV-2,150,partial,Bangladesh: Barishal,Bangladesh,Homo sapiens,blood,"Akter,L., Rakib,T.M., Rana,E.A., Alam,M., Khalil,I., Kabir,A.A., Biswas,R.S., Matsumoto,Y., Chowdhury,S., Kohara,K.-T.",2023-06,2025-01-07,ssRNA(+)
PQ621321,dengue virus type 2,Orthoflavivirus denguei,2,S9/DENV-2,150,partial,Bangladesh: Barishal,Bangladesh,Homo sapiens,blood,"Akter,L., Rakib,T.M., Rana,E.A., Alam,M., Khalil,I., Kabir,A.A., Biswas,R.S., Matsumoto,Y., Chowdhury,S., Kohara,K.-T.",2023-06,2025-01-07,ssRNA(+)
PQ621322,dengue virus type 2,Orthoflavivirus denguei,2,S8/DENV-2,150,partial,Bangladesh: Barishal,Bangladesh,Homo sapiens,blood,"Akter,L., Rakib,T.M., Rana,E.A., Alam,M., Khalil,I., Kabir,A.A., Biswas,R.S., Matsumoto,Y., Chowdhury,S., Kohara,K.-T.",2023-06,2025-01-07,ssRNA(+)
PQ621323,dengue virus type 2,Orthoflavivirus denguei,2,S7/DENV-2,150,partial,Bangladesh: Barishal,Bangladesh,Homo sapiens,blood,"Akter,L., Rakib,T.M., Rana,E.A., Alam,M., Khalil,I., Kabir,A.A., Biswas,R.S., Matsumoto,Y., Chowdhury,S., Kohara,K.-T.",2023-06,2025-01-07,ssRNA(+)
PQ621324,dengue virus type 2,Orthoflavivirus denguei,2,S6/DENV-2,150,partial,Bangladesh: Barishal,Bangladesh,Homo sapiens,blood,"Akter,L., Rakib,T.M., Rana,E.A., Alam,M., Khalil,I., Kabir,A.A., Biswas,R.S., Matsumoto,Y., Chowdhury,S., Kohara,K.-T.",2023-06,2025-01-07,ssRNA(+)
PQ621325,dengue virus type 2,Orthoflavivirus denguei,2,S5/DENV-2,150,partial,Bangladesh: Barishal,Bangladesh,Homo sapiens,blood,"Akter,L., Rakib,T.M., Rana,E.A., Alam,M., Khalil,I., Kabir,A.A., Biswas,R.S., Matsumoto,Y., Chowdhury,S., Kohara,K.-T.",2023-06,2025-01-07,ssRNA(+)
PQ621326,dengue virus type 2,Orthoflavivirus denguei,2,S4/DENV-2,150,partial,Bangladesh: Barishal,Bangladesh,Homo sapiens,blood,"Akter,L., Rakib,T.M., Rana,E.A., Alam,M., Khalil,I., Kabir,A.A., Biswas,R.S., Matsumoto,Y., Chowdhury,S., Kohara,K.-T.",2023-06,2025-01-07,ssRNA(+)
PQ621327,dengue virus type 2,Orthoflavivirus denguei,2,S3/DENV-2,150,partial,Bangladesh: Barishal,Bangladesh,Homo sapiens,blood,"Akter,L., Rakib,T.M., Rana,E.A., Alam,M., Khalil,I., Kabir,A.A., Biswas,R.S., Matsumoto,Y., Chowdhury,S., Kohara,K.-T.",2023-06,2025-01-07,ssRNA(+)
PQ621328,dengue virus type 2,Orthoflavivirus denguei,2,S2/DENV-2,150,partial,Bangladesh: Barishal,Bangladesh,Homo sapiens,blood,"Akter,L., Rakib,T.M., Rana,E.A., Alam,M., Khalil,I., Kabir,A.A., Biswas,R.S., Matsumoto,Y., Chowdhury,S., Kohara,K.-T.",2023-06,2025-01-07,ssRNA(+)
PQ621329,dengue virus type 2,Orthoflavivirus denguei,2,S1/DENV-2,150,partial,Bangladesh: Barishal,Bangladesh,Homo sapiens,blood,"Akter,L., Rakib,T.M., Rana,E.A., Alam,M., Khalil,I., Kabir,A.A., Biswas,R.S., Matsumoto,Y., Chowdhury,S., Kohara,K.-T.",2023-06,2025-01-07,ssRNA(+)
PQ621330,dengue virus type 2,Orthoflavivirus denguei,2,C7/DENV-2,150,partial,Bangladesh: Chattogram,Bangladesh,Homo sapiens,blood,"Akter,L., Rakib,T.M., Rana,E.A., Alam,M., Khalil,I., Kabir,A.A., Biswas,R.S., Matsumoto,Y., Chowdhury,S., Kohara,K.-T.",2023-11,2025-01-07,ssRNA(+)
PQ621331,dengue virus type 2,Orthoflavivirus denguei,2,C6/DENV-2,150,partial,Bangladesh: Chattogram,Bangladesh,Homo sapiens,blood,"Akter,L., Rakib,T.M., Rana,E.A., Alam,M., Khalil,I., Kabir,A.A., Biswas,R.S., Matsumoto,Y., Chowdhury,S., Kohara,K.-T.",2023-11,2025-01-07,ssRNA(+)
PQ621332,dengue virus type 2,Orthoflavivirus denguei,2,C4/DENV-2,150,partial,Bangladesh: Chattogram,Bangladesh,Homo sapiens,blood,"Akter,L., Rakib,T.M., Rana,E.A., Alam,M., Khalil,I., Kabir,A.A., Biswas,R.S., Matsumoto,Y., Chowdhury,S., Kohara,K.-T.",2023-11,2025-01-07,ssRNA(+)
PQ621333,dengue virus type 2,Orthoflavivirus denguei,2,C3/DENV-2,150,partial,Bangladesh: Chattogram,Bangladesh,Homo sapiens,blood,"Akter,L., Rakib,T.M., Rana,E.A., Alam,M., Khalil,I., Kabir,A.A., Biswas,R.S., Matsumoto,Y., Chowdhury,S., Kohara,K.-T.",2023-11,2025-01-07,ssRNA(+)
PQ621334,dengue virus type 2,Orthoflavivirus denguei,2,C2/DENV-2,150,partial,Bangladesh: Chattogram,Bangladesh,Homo sapiens,blood,"Akter,L., Rakib,T.M., Rana,E.A., Alam,M., Khalil,I., Kabir,A.A., Biswas,R.S., Matsumoto,Y., Chowdhury,S., Kohara,K.-T.",2023-11,2025-01-07,ssRNA(+)
PQ621335,dengue virus type 2,Orthoflavivirus denguei,2,C1/DENV-2,150,partial,Bangladesh: Chattogram,Bangladesh,Homo sapiens,blood,"Akter,L., Rakib,T.M., Rana,E.A., Alam,M., Khalil,I., Kabir,A.A., Biswas,R.S., Matsumoto,Y., Chowdhury,S., Kohara,K.-T.",2023-11,2025-01-07,ssRNA(+)
PQ621336,dengue virus type 2,Orthoflavivirus denguei,2,B34/DENV-2,150,partial,Bangladesh: Cumilla,Bangladesh,Homo sapiens,blood,"Akter,L., Rakib,T.M., Rana,E.A., Alam,M., Khalil,I., Kabir,A.A., Biswas,R.S., Matsumoto,Y., Chowdhury,S., Kohara,K.-T.",2023-07,2025-01-07,ssRNA(+)
PQ621337,dengue virus type 2,Orthoflavivirus denguei,2,B33/DENV-2,150,partial,Bangladesh: Cumilla,Bangladesh,Homo sapiens,blood,"Akter,L., Rakib,T.M., Rana,E.A., Alam,M., Khalil,I., Kabir,A.A., Biswas,R.S., Matsumoto,Y., Chowdhury,S., Kohara,K.-T.",2023-07,2025-01-07,ssRNA(+)
PQ621338,dengue virus type 2,Orthoflavivirus denguei,2,B32/DENV-2,150,partial,Bangladesh: Cumilla,Bangladesh,Homo sapiens,blood,"Akter,L., Rakib,T.M., Rana,E.A., Alam,M., Khalil,I., Kabir,A.A., Biswas,R.S., Matsumoto,Y., Chowdhury,S., Kohara,K.-T.",2023-07,2025-01-07,ssRNA(+)
PQ621339,dengue virus type 2,Orthoflavivirus denguei,2,B31/DENV-2,151,partial,Bangladesh: Cumilla,Bangladesh,Homo sapiens,blood,"Akter,L., Rakib,T.M., Rana,E.A., Alam,M., Khalil,I., Kabir,A.A., Biswas,R.S., Matsumoto,Y., Chowdhury,S., Kohara,K.-T.",2023-07,2025-01-07,ssRNA(+)
PQ621340,dengue virus type 2,Orthoflavivirus denguei,2,B29/DENV-2,151,partial,Bangladesh: Cumilla,Bangladesh,Homo sapiens,blood,"Akter,L., Rakib,T.M., Rana,E.A., Alam,M., Khalil,I., Kabir,A.A., Biswas,R.S., Matsumoto,Y., Chowdhury,S., Kohara,K.-T.",2023-07,2025-01-07,ssRNA(+)
PQ621341,dengue virus type 2,Orthoflavivirus denguei,2,B26/DENV-2,150,partial,Bangladesh: Cumilla,Bangladesh,Homo sapiens,blood,"Akter,L., Rakib,T.M., Rana,E.A., Alam,M., Khalil,I., Kabir,A.A., Biswas,R.S., Matsumoto,Y., Chowdhury,S., Kohara,K.-T.",2023-07,2025-01-07,ssRNA(+)
PQ621342,dengue virus type 2,Orthoflavivirus denguei,2,B24/DENV-2,150,partial,Bangladesh: Cumilla,Bangladesh,Homo sapiens,blood,"Akter,L., Rakib,T.M., Rana,E.A., Alam,M., Khalil,I., Kabir,A.A., Biswas,R.S., Matsumoto,Y., Chowdhury,S., Kohara,K.-T.",2023-07,2025-01-07,ssRNA(+)
PQ621343,dengue virus type 2,Orthoflavivirus denguei,2,B22/DENV-2,150,partial,Bangladesh: Cumilla,Bangladesh,Homo sapiens,blood,"Akter,L., Rakib,T.M., Rana,E.A., Alam,M., Khalil,I., Kabir,A.A., Biswas,R.S., Matsumoto,Y., Chowdhury,S., Kohara,K.-T.",2023-07,2025-01-07,ssRNA(+)
PQ621344,dengue virus type 2,Orthoflavivirus denguei,2,B18/DENV-2,150,partial,Bangladesh: Cumilla,Bangladesh,Homo sapiens,blood,"Akter,L., Rakib,T.M., Rana,E.A., Alam,M., Khalil,I., Kabir,A.A., Biswas,R.S., Matsumoto,Y., Chowdhury,S., Kohara,K.-T.",2023-07,2025-01-07,ssRNA(+)
PQ621345,dengue virus type 2,Orthoflavivirus denguei,2,B17/DENV-2,150,partial,Bangladesh: Cumilla,Bangladesh,Homo sapiens,blood,"Akter,L., Rakib,T.M., Rana,E.A., Alam,M., Khalil,I., Kabir,A.A., Biswas,R.S., Matsumoto,Y., Chowdhury,S., Kohara,K.-T.",2023-07,2025-01-07,ssRNA(+)
PQ621346,dengue virus type 2,Orthoflavivirus denguei,2,B16/DENV-2,150,partial,Bangladesh: Cumilla,Bangladesh,Homo sapiens,blood,"Akter,L., Rakib,T.M., Rana,E.A., Alam,M., Khalil,I., Kabir,A.A., Biswas,R.S., Matsumoto,Y., Chowdhury,S., Kohara,K.-T.",2023-07,2025-01-07,ssRNA(+)
PQ621347,dengue virus type 2,Orthoflavivirus denguei,2,B15/DENV-2,150,partial,Bangladesh: Cumilla,Bangladesh,Homo sapiens,blood,"Akter,L., Rakib,T.M., Rana,E.A., Alam,M., Khalil,I., Kabir,A.A., Biswas,R.S., Matsumoto,Y., Chowdhury,S., Kohara,K.-T.",2023-07,2025-01-07,ssRNA(+)
PQ621348,dengue virus type 2,Orthoflavivirus denguei,2,B12/DENV-2,150,partial,Bangladesh: Cumilla,Bangladesh,Homo sapiens,blood,"Akter,L., Rakib,T.M., Rana,E.A., Alam,M., Khalil,I., Kabir,A.A., Biswas,R.S., Matsumoto,Y., Chowdhury,S., Kohara,K.-T.",2023-07,2025-01-07,ssRNA(+)
PQ621349,dengue virus type 2,Orthoflavivirus denguei,2,B11/DENV-2,150,partial,Bangladesh: Cumilla,Bangladesh,Homo sapiens,blood,"Akter,L., Rakib,T.M., Rana,E.A., Alam,M., Khalil,I., Kabir,A.A., Biswas,R.S., Matsumoto,Y., Chowdhury,S., Kohara,K.-T.",2023-07,2025-01-07,ssRNA(+)
PQ621350,dengue virus type 2,Orthoflavivirus denguei,2,B9/DENV-2,150,partial,Bangladesh: Cumilla,Bangladesh,Homo sapiens,blood,"Akter,L., Rakib,T.M., Rana,E.A., Alam,M., Khalil,I., Kabir,A.A., Biswas,R.S., Matsumoto,Y., Chowdhury,S., Kohara,K.-T.",2023-07,2025-01-07,ssRNA(+)
PQ621351,dengue virus type 2,Orthoflavivirus denguei,2,B5/DENV-2,150,partial,Bangladesh: Cumilla,Bangladesh,Homo sapiens,blood,"Akter,L., Rakib,T.M., Rana,E.A., Alam,M., Khalil,I., Kabir,A.A., Biswas,R.S., Matsumoto,Y., Chowdhury,S., Kohara,K.-T.",2023-07,2025-01-07,ssRNA(+)
PQ621352,dengue virus type 2,Orthoflavivirus denguei,2,B3/DENV-2,150,partial,Bangladesh: Cumilla,Bangladesh,Homo sapiens,blood,"Akter,L., Rakib,T.M., Rana,E.A., Alam,M., Khalil,I., Kabir,A.A., Biswas,R.S., Matsumoto,Y., Chowdhury,S., Kohara,K.-T.",2023-07,2025-01-07,ssRNA(+)
PQ621353,dengue virus type 2,Orthoflavivirus denguei,2,B2/DENV-2,150,partial,Bangladesh: Cumilla,Bangladesh,Homo sapiens,blood,"Akter,L., Rakib,T.M., Rana,E.A., Alam,M., Khalil,I., Kabir,A.A., Biswas,R.S., Matsumoto,Y., Chowdhury,S., Kohara,K.-T.",2023-07,2025-01-07,ssRNA(+)
PQ815901,dengue virus type 3,Orthoflavivirus denguei,3,NRICh-DS039,10678,partial,Bangladesh: Chattogram,Bangladesh,Homo sapiens,blood,"Hossain,M.M., Rob,M.A., Satttar,M., Faisal,A., Chowdhury,M.N., Maruf-Ul-Quader,M., Mehedi,H.H., Hossain,M., Mannan,A.",2023-09-29,2025-01-04,ssRNA(+)
PQ657766,dengue virus type 2,Orthoflavivirus denguei,2,hDenV2/Bangladesh/NRICh-DS028/2023,10723,complete,Bangladesh: Chattogram,Bangladesh,Homo sapiens,blood,"Mannan,A., Rob,M.A., Satter,M., Faisal,A., Chowdhury,M.N., Maruf-ul-qader,M., Mehedi,H.H., Hossain,M., Hossain,M.M., Rahman,M.",2023-09,2024-12-04,ssRNA(+)
PP711274,dengue virus type 3,Orthoflavivirus denguei,3,Dengue virus type 3 Homo sapiens/Bangladesh-UF-1/2019,10707,complete,Bangladesh,Bangladesh,Homo sapiens,blood,"Stephenson,C.J., Nelson,E.J., Lednicky,J.A.",2019-08-13,2024-04-28,ssRNA(+)
PP704400,dengue virus type 2,Orthoflavivirus denguei,2,MMC-RB-98,510,partial,Bangladesh,Bangladesh,Homo sapiens,blood,"Aung,M.S., Kobayashi,N.",2023-10-31,2024-04-27,ssRNA(+)
PP704401,dengue virus type 2,Orthoflavivirus denguei,2,MMC-RB-239,510,partial,Bangladesh,Bangladesh,Homo sapiens,blood,"Aung,M.S., Kobayashi,N.",2023-09-30,2024-04-27,ssRNA(+)
PP704402,dengue virus type 2,Orthoflavivirus denguei,2,MMC-RB-215,510,partial,Bangladesh,Bangladesh,Homo sapiens,blood,"Aung,M.S., Kobayashi,N.",2024-01-31,2024-04-27,ssRNA(+)
PP704403,dengue virus type 2,Orthoflavivirus denguei,2,MMC-RB-164,510,partial,Bangladesh,Bangladesh,Homo sapiens,blood,"Aung,M.S., Kobayashi,N.",2023-10-31,2024-04-27,ssRNA(+)
PP704404,dengue virus type 2,Orthoflavivirus denguei,2,MMC-RB-122,510,partial,Bangladesh,Bangladesh,Homo sapiens,blood,"Aung,M.S., Kobayashi,N.",2023-11-30,2024-04-27,ssRNA(+)
PP704405,dengue virus type 2,Orthoflavivirus denguei,2,MMC-RB-66,510,partial,Bangladesh,Bangladesh,Homo sapiens,blood,"Aung,M.S., Kobayashi,N.",2023-09-30,2024-04-27,ssRNA(+)
PP704406,dengue virus type 2,Orthoflavivirus denguei,2,MMC-RB-60,510,partial,Bangladesh,Bangladesh,Homo sapiens,blood,"Aung,M.S., Kobayashi,N.",2023-12-31,2024-04-27,ssRNA(+)
PP704407,dengue virus type 2,Orthoflavivirus denguei,2,MMC-RB-7,510,partial,Bangladesh,Bangladesh,Homo sapiens,blood,"Aung,M.S., Kobayashi,N.",2023-09-30,2024-04-27,ssRNA(+)
PP704408,dengue virus type 2,Orthoflavivirus denguei,2,MMC-RB-170,510,partial,Bangladesh,Bangladesh,Homo sapiens,blood,"Aung,M.S., Kobayashi,N.",2023-11-30,2024-04-27,ssRNA(+)
PP704409,dengue virus type 2,Orthoflavivirus denguei,2,MMC-RB-226,510,partial,Bangladesh,Bangladesh,Homo sapiens,blood,"Aung,M.S., Kobayashi,N.",2023-11-30,2024-04-27,ssRNA(+)
PP697462,dengue virus type 2,Orthoflavivirus denguei,2,MMC-RB-49,510,partial,Bangladesh,Bangladesh,Homo sapiens,blood,"Aung,M.S., Kobayashi,N.",2024-01-31,2024-04-24,ssRNA(+)
PP697463,dengue virus type 2,Orthoflavivirus denguei,2,MMC-RB-135,510,partial,Bangladesh,Bangladesh,Homo sapiens,blood,"Aung,M.S., Kobayashi,N.",2023-09-30,2024-04-24,ssRNA(+)
PP697464,dengue virus type 2,Orthoflavivirus denguei,2,MMC-RB-154,510,partial,Bangladesh,Bangladesh,Homo sapiens,blood,"Aung,M.S., Kobayashi,N.",2023-09-30,2024-04-24,ssRNA(+)
PP697465,dengue virus type 2,Orthoflavivirus denguei,2,MMC-RB-162,510,partial,Bangladesh,Bangladesh,Homo sapiens,blood,"Aung,M.S., Kobayashi,N.",2023-10-31,2024-04-24,ssRNA(+)
PP697466,dengue virus type 2,Orthoflavivirus denguei,2,MMC-RB-177,510,partial,Bangladesh,Bangladesh,Homo sapiens,blood,"Aung,M.S., Kobayashi,N.",2024-01-31,2024-04-24,ssRNA(+)
PP697467,dengue virus type 2,Orthoflavivirus denguei,2,MMC-RB-241,510,partial,Bangladesh,Bangladesh,Homo sapiens,blood,"Aung,M.S., Kobayashi,N.",2023-12-31,2024-04-24,ssRNA(+)
PP697468,dengue virus type 2,Orthoflavivirus denguei,2,MMC-RB-282,510,partial,Bangladesh,Bangladesh,Homo sapiens,blood,"Aung,M.S., Kobayashi,N.",2023-11-30,2024-04-24,ssRNA(+)
PP697469,dengue virus type 2,Orthoflavivirus denguei,2,MMC-RB-7,684,partial,Bangladesh,Bangladesh,Homo sapiens,blood,"Aung,M.S., Kobayashi,N.",2023-09-30,2024-04-24,ssRNA(+)
PP697470,dengue virus type 2,Orthoflavivirus denguei,2,MMC-RB-60,1812,partial,Bangladesh,Bangladesh,Homo sapiens,blood,"Aung,M.S., Kobayashi,N.",2023-12-31,2024-04-24,ssRNA(+)
PP697471,dengue virus type 2,Orthoflavivirus denguei,2,MMC-RB-86,1812,partial,Bangladesh,Bangladesh,Homo sapiens,blood,"Aung,M.S., Kobayashi,N.",2023-11-30,2024-04-24,ssRNA(+)
PP325839,dengue virus type 2,Orthoflavivirus denguei,2,mi0012,7472,partial,Bangladesh,Bangladesh,Homo sapiens,blood,"Nasif,M.A.O., Rahman,S., Khan,M.H., Habib,T., Hossain,A., Karmakar,L., Sultana,S., Alam,A.N., Qadri,F., Shirin,T.",2023-11-18,2024-02-16,ssRNA(+)
PP309840,dengue virus type 2,Orthoflavivirus denguei,2,mi0001,7472,partial,Bangladesh,Bangladesh,Homo sapiens,blood,"Nasif,M.A.O., Rahman,S., Khan,M.H., Habib,T., Hossain,A., Karmakar,L., Sultana,S., Alam,A.N., Qadri,F., Shirin,T.",2023-08-20,2024-02-13,ssRNA(+)
PP309841,dengue virus type 2,Orthoflavivirus denguei,2,mi0002,7472,partial,Bangladesh,Bangladesh,Homo sapiens,blood,"Nasif,M.A.O., Rahman,S., Khan,M.H., Habib,T., Hossain,A., Karmakar,L., Sultana,S., Alam,A.N., Qadri,F., Shirin,T.",2023-08-05,2024-02-13,ssRNA(+)
PP309842,dengue virus type 2,Orthoflavivirus denguei,2,mi0003,7472,partial,Bangladesh,Bangladesh,Homo sapiens,blood,"Nasif,M.A.O., Rahman,S., Khan,M.H., Habib,T., Hossain,A., Karmakar,L., Sultana,S., Alam,A.N., Qadri,F., Shirin,T.",2023-07-12,2024-02-13,ssRNA(+)
PP309843,dengue virus type 2,Orthoflavivirus denguei,2,mi0004,7472,partial,Bangladesh,Bangladesh,Homo sapiens,blood,"Nasif,M.A.O., Rahman,S., Khan,M.H., Habib,T., Hossain,A., Karmakar,L., Sultana,S., Alam,A.N., Qadri,F., Shirin,T.",2023-09-01,2024-02-13,ssRNA(+)
PP309844,dengue virus type 2,Orthoflavivirus denguei,2,mi0005,7472,partial,Bangladesh,Bangladesh,Homo sapiens,blood,"Nasif,M.A.O., Rahman,S., Khan,M.H., Habib,T., Hossain,A., Karmakar,L., Sultana,S., Alam,A.N., Qadri,F., Shirin,T.",2023-09-02,2024-02-13,ssRNA(+)
PP309845,dengue virus type 2,Orthoflavivirus denguei,2,mi0006,7472,partial,Bangladesh,Bangladesh,Homo sapiens,blood,"Nasif,M.A.O., Rahman,S., Khan,M.H., Habib,T., Hossain,A., Karmakar,L., Sultana,S., Alam,A.N., Qadri,F., Shirin,T.",2023-09-09,2024-02-13,ssRNA(+)
PP309846,dengue virus type 2,Orthoflavivirus denguei,2,mi0007,7472,partial,Bangladesh,Bangladesh,Homo sapiens,blood,"Nasif,M.A.O., Rahman,S., Khan,M.H., Habib,T., Hossain,A., Karmakar,L., Sultana,S., Alam,A.N., Qadri,F., Shirin,T.",2023-07-22,2024-02-13,ssRNA(+)
PP309847,dengue virus type 2,Orthoflavivirus denguei,2,mi0008,7472,partial,Bangladesh,Bangladesh,Homo sapiens,blood,"Nasif,M.A.O., Rahman,S., Khan,M.H., Habib,T., Hossain,A., Karmakar,L., Sultana,S., Alam,A.N., Qadri,F., Shirin,T.",2023-09-16,2024-02-13,ssRNA(+)
PP309848,dengue virus type 2,Orthoflavivirus denguei,2,mi0009,7472,partial,Bangladesh,Bangladesh,Homo sapiens,blood,"Nasif,M.A.O., Rahman,S., Khan,M.H., Habib,T., Hossain,A., Karmakar,L., Sultana,S., Alam,A.N., Qadri,F., Shirin,T.",2023-09-22,2024-02-13,ssRNA(+)
PP309849,dengue virus type 2,Orthoflavivirus denguei,2,mi0010,7472,partial,Bangladesh,Bangladesh,Homo sapiens,blood,"Nasif,M.A.O., Rahman,S., Khan,M.H., Habib,T., Hossain,A., Karmakar,L., Sultana,S., Alam,A.N., Qadri,F., Shirin,T.",2023-08-21,2024-02-13,ssRNA(+)
PP309850,dengue virus type 2,Orthoflavivirus denguei,2,mi0011,7472,partial,Bangladesh,Bangladesh,Homo sapiens,blood,"Nasif,M.A.O., Rahman,S., Khan,M.H., Habib,T., Hossain,A., Karmakar,L., Sultana,S., Alam,A.N., Qadri,F., Shirin,T.",2023-11-16,2024-02-13,ssRNA(+)
PP292002,dengue virus type 2,Orthoflavivirus denguei,2,IEDCR-mi001,8496,partial,Bangladesh,Bangladesh,Homo sapiens,blood,"Nasif,M.A.O., Rahman,S., Khan,M.H., Habib,T., Sultana,S., Alam,A.N., Hossain,A., Karmakar,L., Qadri,F., Shirin,T.",2023-08-20,2024-02-12,ssRNA(+)
OR965455,dengue virus type 3,Orthoflavivirus denguei,3,BSMMU 13,449,partial,Bangladesh,Bangladesh,Homo sapiens,blood,"Khatun,T.",2022-06-22,2023-12-20,ssRNA(+)
OR965456,dengue virus type 3,Orthoflavivirus denguei,3,BSMMU 42,434,partial,Bangladesh,Bangladesh,Homo sapiens,blood,"Khatun,T.",2022-08-28,2023-12-20,ssRNA(+)
OR965457,dengue virus type 3,Orthoflavivirus denguei,3,BSMMU 53,439,partial,Bangladesh,Bangladesh,Homo sapiens,blood,"Khatun,T.",2022-09-05,2023-12-20,ssRNA(+)
OR965458,dengue virus type 3,Orthoflavivirus denguei,3,BSMMU 84,436,partial,Bangladesh,Bangladesh,Homo sapiens,blood,"Khatun,T.",2022-09-15,2023-12-20,ssRNA(+)
OR973572,dengue virus type 3,Orthoflavivirus denguei,3,BSMMU 91,444,partial,Bangladesh,Bangladesh,Homo sapiens,blood,"Khatun,T.",2022-09-17,2023-12-20,ssRNA(+)
OR973573,dengue virus type 3,Orthoflavivirus denguei,3,BSMMU 159,435,partial,Bangladesh,Bangladesh,Homo sapiens,blood,"Khatun,T.",2022-11-24,2023-12-20,ssRNA(+)
OR974906,dengue virus type 3,Orthoflavivirus denguei,3,BSMMU 158,436,partial,Bangladesh,Bangladesh,Homo sapiens,blood,"Khatun,T.",2022-11-24,2023-12-20,ssRNA(+)
OR923387,dengue virus type 2,Orthoflavivirus denguei,2,BSMMU 16,443,partial,Bangladesh,Bangladesh,Homo sapiens,blood,"Khatun,T.",2022-08-02,2023-12-16,ssRNA(+)
OR923388,dengue virus type 2,Orthoflavivirus denguei,2,BSMMU 154,450,partial,Bangladesh,Bangladesh,Homo sapiens,blood,"Khatun,T.",2022-11-23,2023-12-16,ssRNA(+)
OR915560,dengue virus type 3,Orthoflavivirus denguei,3,BSMMU 82,383,partial,Bangladesh,Bangladesh,Homo sapiens,blood,"Khatun,T.",2022-09-15,2023-12-13,ssRNA(+)
OR915561,dengue virus type 3,Orthoflavivirus denguei,3,BSMMU 88,444,partial,Bangladesh,Bangladesh,Homo sapiens,blood,"Khatun,T.",2022-09-17,2023-12-13,ssRNA(+)
OR915562,dengue virus type 3,Orthoflavivirus denguei,3,BSMMU 96,444,partial,Bangladesh,Bangladesh,Homo sapiens,blood,"Khatun,T.",2022-09-20,2023-12-13,ssRNA(+)
OR915563,dengue virus type 3,Orthoflavivirus denguei,3,BSMMU 103,432,partial,Bangladesh,Bangladesh,Homo sapiens,blood,"Khatun,T.",2022-09-24,2023-12-13,ssRNA(+)
OR915564,dengue virus type 3,Orthoflavivirus denguei,3,BSMMU 105,396,partial,Bangladesh,Bangladesh,Homo sapiens,blood,"Khatun,T.",2022-09-25,2023-12-13,ssRNA(+)
OR915565,dengue virus type 3,Orthoflavivirus denguei,3,BSMMU 99,444,partial,Bangladesh,Bangladesh,Homo sapiens,blood,"Khatun,T.",2022-09-21,2023-12-13,ssRNA(+)
OR915566,dengue virus type 3,Orthoflavivirus denguei,3,BSMMU 111,432,partial,Bangladesh,Bangladesh,Homo sapiens,blood,"Khatun,T.",2022-09-27,2023-12-13,ssRNA(+)
OR915567,dengue virus type 3,Orthoflavivirus denguei,3,BSMMU 110,432,partial,Bangladesh,Bangladesh,Homo sapiens,blood,"Khatun,T.",2022-09-27,2023-12-13,ssRNA(+)
OR915568,dengue virus type 3,Orthoflavivirus denguei,3,BSMMU 121,427,partial,Bangladesh,Bangladesh,Homo sapiens,blood,"Khatun,T.",2022-10-16,2023-12-13,ssRNA(+)
OR915569,dengue virus type 3,Orthoflavivirus denguei,3,BSMMU 120,444,partial,Bangladesh,Bangladesh,Homo sapiens,blood,"Khatun,T.",2022-10-11,2023-12-13,ssRNA(+)
OR915570,dengue virus type 3,Orthoflavivirus denguei,3,BSMMU 126,441,partial,Bangladesh,Bangladesh,Homo sapiens,blood,"Khatun,T.",2022-10-21,2023-12-13,ssRNA(+)
OR915571,dengue virus type 3,Orthoflavivirus denguei,3,BSMMU 139,443,partial,Bangladesh,Bangladesh,Homo sapiens,blood,"Khatun,T.",2022-11-22,2023-12-13,ssRNA(+)
OR915572,dengue virus type 3,Orthoflavivirus denguei,3,BSMMU 128,459,partial,Bangladesh,Bangladesh,Homo sapiens,blood,"Khatun,T.",2022-10-26,2023-12-13,ssRNA(+)
OR915573,dengue virus type 3,Orthoflavivirus denguei,3,BSMMU 137,440,partial,Bangladesh,Bangladesh,Homo sapiens,blood,"Khatun,T.",2022-11-22,2023-12-13,ssRNA(+)
OR918852,dengue virus type 3,Orthoflavivirus denguei,3,BSMMU 153,429,partial,Bangladesh,Bangladesh,Homo sapiens,blood,"Khatun,T.",2022-11-23,2023-12-13,ssRNA(+)
OR918853,dengue virus type 3,Orthoflavivirus denguei,3,BSMMU 157,441,partial,Bangladesh,Bangladesh,Homo sapiens,blood,"Khatun,T.",2022-11-24,2023-12-13,ssRNA(+)
OR918854,dengue virus type 3,Orthoflavivirus denguei,3,BSMMU 159,441,partial,Bangladesh,Bangladesh,Homo sapiens,blood,"Khatun,T.",2022-11-24,2023-12-13,ssRNA(+)
OR918855,dengue virus type 3,Orthoflavivirus denguei,3,BSMMU 162,464,partial,Bangladesh,Bangladesh,Homo sapiens,blood,"Khatun,T.",2022-11-28,2023-12-13,ssRNA(+)
OR918856,dengue virus type 3,Orthoflavivirus denguei,3,BSMMU 161,426,partial,Bangladesh,Bangladesh,Homo sapiens,blood,"Khatun,T.",2022-11-27,2023-12-13,ssRNA(+)
OR906021,dengue virus type 3,Orthoflavivirus denguei,3,BSMMU 48,441,partial,Bangladesh,Bangladesh,Homo sapiens,blood,"Khatun,T.",2022-08-31,2023-12-11,ssRNA(+)
OR899326,dengue virus type 3,Orthoflavivirus denguei,3,BSMMU 26,459,partial,Bangladesh,Bangladesh,Homo sapiens,blood,"Khatun,T.",2022-08-06,2023-12-10,ssRNA(+)
OR899327,dengue virus type 3,Orthoflavivirus denguei,3,BSMMU 31,456,partial,Bangladesh,Bangladesh,Homo sapiens,blood,"Khatun,T.",2022-08-11,2023-12-10,ssRNA(+)
OR899328,dengue virus type 3,Orthoflavivirus denguei,3,BSMMU 38,434,partial,Bangladesh,Bangladesh,Homo sapiens,blood,"Khatun,T.",2022-08-28,2023-12-10,ssRNA(+)
OR899329,dengue virus type 3,Orthoflavivirus denguei,3,BSMMU 40,435,partial,Bangladesh,Bangladesh,Homo sapiens,blood,"Khatun,T.",2022-08-28,2023-12-10,ssRNA(+)
OR899330,dengue virus type 3,Orthoflavivirus denguei,3,BSMMU 43,353,partial,Bangladesh,Bangladesh,Homo sapiens,blood,"Khatun,T.",2022-08-30,2023-12-10,ssRNA(+)
OR902753,dengue virus type 3,Orthoflavivirus denguei,3,BSMMU 46,427,partial,Bangladesh,Bangladesh,Homo sapiens,blood,"Khatun,T.",2022-08-30,2023-12-10,ssRNA(+)
OR896549,dengue virus type 3,Orthoflavivirus denguei,3,BSMMU 18,372,partial,Bangladesh,Bangladesh,Homo sapiens,blood,"Khatun,T.",2022-08-02,2023-12-09,ssRNA(+)
OR880497,dengue virus type 3,Orthoflavivirus denguei,3,BSMMU 9,439,partial,Bangladesh,Bangladesh,Homo sapiens,blood,"Khatun,T.",2022-06-21,2023-12-05,ssRNA(+)
OR872331,dengue virus type 3,Orthoflavivirus denguei,3,BSMMU 8,435,partial,Bangladesh,Bangladesh,Homo sapiens,blood,"Khatun,T.",2022-06-21,2023-12-03,ssRNA(+)
OR857859,dengue virus type 3,Orthoflavivirus denguei,3,BSMMU 4,459,partial,Bangladesh,Bangladesh,Homo sapiens,blood,"Khatun,T.",2022-07-14,2023-12-02,ssRNA(+)
OR726315,dengue virus type 3,Orthoflavivirus denguei,3,cD1A,352,partial,Bangladesh,Bangladesh,Homo sapiens,blood,"Chowdhury,F.R., Ayub,M.I., Parvez,N., Rahman,M.",2023-08-05,2023-10-30,ssRNA(+)
OR726316,dengue virus type 3,Orthoflavivirus denguei,3,cD2A,353,partial,Bangladesh,Bangladesh,Homo sapiens,blood,"Chowdhury,F.R., Ayub,M.I., Parvez,N., Rahman,M.",2023-08-12,2023-10-30,ssRNA(+)
OR726317,dengue virus type 3,Orthoflavivirus denguei,3,cD3A,260,partial,Bangladesh,Bangladesh,Homo sapiens,blood,"Chowdhury,F.R., Ayub,M.I., Parvez,N., Rahman,M.",2023-09-02,2023-10-30,ssRNA(+)
OR726318,dengue virus type 3,Orthoflavivirus denguei,3,cD17A,341,partial,Bangladesh,Bangladesh,Homo sapiens,blood,"Chowdhury,F.R., Ayub,M.I., Parvez,N., Rahman,M.",2023-09-18,2023-10-30,ssRNA(+)
OR726319,dengue virus type 2,Orthoflavivirus denguei,2,cD14A,390,partial,Bangladesh,Bangladesh,Homo sapiens,blood,"Chowdhury,F.R., Ayub,M.I., Parvez,N., Rahman,M.",2023-10-08,2023-10-30,ssRNA(+)
OQ826841,dengue virus type 1,Orthoflavivirus denguei,1,D1-18-01,1485,partial,Bangladesh,Bangladesh,Homo sapiens,blood,"Rahim,R., Hasan,A., Phadungsombat,J., Hasan,N., Ara,N., Biswas,S.M., Nakayama,E.E., Rahman,M., Shioda,T., Nakayama,E.",2018,2023-06-12,ssRNA(+)
OQ826842,dengue virus type 1,Orthoflavivirus denguei,1,D1-18-02,1485,partial,Bangladesh,Bangladesh,Homo sapiens,blood,"Rahim,R., Hasan,A., Phadungsombat,J., Hasan,N., Ara,N., Biswas,S.M., Nakayama,E.E., Rahman,M., Shioda,T., Nakayama,E.",2018,2023-06-12,ssRNA(+)
OQ826843,dengue virus type 1,Orthoflavivirus denguei,1,D1-18-03,1485,partial,Bangladesh,Bangladesh,Homo sapiens,blood,"Rahim,R., Hasan,A., Phadungsombat,J., Hasan,N., Ara,N., Biswas,S.M., Nakayama,E.E., Rahman,M., Shioda,T., Nakayama,E.",2018,2023-06-12,ssRNA(+)
OQ826844,dengue virus type 1,Orthoflavivirus denguei,1,D1-18-04,1485,partial,Bangladesh,Bangladesh,Homo sapiens,blood,"Rahim,R., Hasan,A., Phadungsombat,J., Hasan,N., Ara,N., Biswas,S.M., Nakayama,E.E., Rahman,M., Shioda,T., Nakayama,E.",2018,2023-06-12,ssRNA(+)
OQ826845,dengue virus type 1,Orthoflavivirus denguei,1,D1-18-05,1485,partial,Bangladesh,Bangladesh,Homo sapiens,blood,"Rahim,R., Hasan,A., Phadungsombat,J., Hasan,N., Ara,N., Biswas,S.M., Nakayama,E.E., Rahman,M., Shioda,T., Nakayama,E.",2018,2023-06-12,ssRNA(+)
OQ826846,dengue virus type 1,Orthoflavivirus denguei,1,D1-19-06,1485,partial,Bangladesh,Bangladesh,Homo sapiens,blood,"Rahim,R., Hasan,A., Phadungsombat,J., Hasan,N., Ara,N., Biswas,S.M., Nakayama,E.E., Rahman,M., Shioda,T., Nakayama,E.",2019,2023-06-12,ssRNA(+)
OQ826847,dengue virus type 1,Orthoflavivirus denguei,1,D1-19-07,1485,partial,Bangladesh,Bangladesh,Homo sapiens,blood,"Rahim,R., Hasan,A., Phadungsombat,J., Hasan,N., Ara,N., Biswas,S.M., Nakayama,E.E., Rahman,M., Shioda,T., Nakayama,E.",2019,2023-06-12,ssRNA(+)
OQ826848,dengue virus type 1,Orthoflavivirus denguei,1,D1-19-08,1485,partial,Bangladesh,Bangladesh,Homo sapiens,blood,"Rahim,R., Hasan,A., Phadungsombat,J., Hasan,N., Ara,N., Biswas,S.M., Nakayama,E.E., Rahman,M., Shioda,T., Nakayama,E.",2019,2023-06-12,ssRNA(+)
OQ826849,dengue virus type 1,Orthoflavivirus denguei,1,D1-19-09,1485,partial,Bangladesh,Bangladesh,Homo sapiens,blood,"Rahim,R., Hasan,A., Phadungsombat,J., Hasan,N., Ara,N., Biswas,S.M., Nakayama,E.E., Rahman,M., Shioda,T., Nakayama,E.",2019,2023-06-12,ssRNA(+)
OQ826850,dengue virus type 2,Orthoflavivirus denguei,2,D2-18-01,1485,partial,Bangladesh,Bangladesh,Homo sapiens,blood,"Rahim,R., Hasan,A., Phadungsombat,J., Hasan,N., Ara,N., Biswas,S.M., Nakayama,E.E., Rahman,M., Shioda,T., Nakayama,E.",2018,2023-06-12,ssRNA(+)
OQ826851,dengue virus type 2,Orthoflavivirus denguei,2,D2-18-02,1485,partial,Bangladesh,Bangladesh,Homo sapiens,blood,"Rahim,R., Hasan,A., Phadungsombat,J., Hasan,N., Ara,N., Biswas,S.M., Nakayama,E.E., Rahman,M., Shioda,T., Nakayama,E.",2018,2023-06-12,ssRNA(+)
OQ826852,dengue virus type 2,Orthoflavivirus denguei,2,D2-18-03,1485,partial,Bangladesh,Bangladesh,Homo sapiens,blood,"Rahim,R., Hasan,A., Phadungsombat,J., Hasan,N., Ara,N., Biswas,S.M., Nakayama,E.E., Rahman,M., Shioda,T., Nakayama,E.",2018,2023-06-12,ssRNA(+)
OQ826853,dengue virus type 2,Orthoflavivirus denguei,2,D2-18-04,1485,partial,Bangladesh,Bangladesh,Homo sapiens,blood,"Rahim,R., Hasan,A., Phadungsombat,J., Hasan,N., Ara,N., Biswas,S.M., Nakayama,E.E., Rahman,M., Shioda,T., Nakayama,E.",2018,2023-06-12,ssRNA(+)
OQ826854,dengue virus type 2,Orthoflavivirus denguei,2,D2-18-05,1485,partial,Bangladesh,Bangladesh,Homo sapiens,blood,"Rahim,R., Hasan,A., Phadungsombat,J., Hasan,N., Ara,N., Biswas,S.M., Nakayama,E.E., Rahman,M., Shioda,T., Nakayama,E.",2018,2023-06-12,ssRNA(+)
OQ826855,dengue virus type 2,Orthoflavivirus denguei,2,D2-18-06,1485,partial,Bangladesh,Bangladesh,Homo sapiens,blood,"Rahim,R., Hasan,A., Phadungsombat,J., Hasan,N., Ara,N., Biswas,S.M., Nakayama,E.E., Rahman,M., Shioda,T., Nakayama,E.",2018,2023-06-12,ssRNA(+)
OQ826856,dengue virus type 2,Orthoflavivirus denguei,2,D2-18-07,1485,partial,Bangladesh,Bangladesh,Homo sapiens,blood,"Rahim,R., Hasan,A., Phadungsombat,J., Hasan,N., Ara,N., Biswas,S.M., Nakayama,E.E., Rahman,M., Shioda,T., Nakayama,E.",2018,2023-06-12,ssRNA(+)
OQ826857,dengue virus type 2,Orthoflavivirus denguei,2,D2-18-08,1485,partial,Bangladesh,Bangladesh,Homo sapiens,blood,"Rahim,R., Hasan,A., Phadungsombat,J., Hasan,N., Ara,N., Biswas,S.M., Nakayama,E.E., Rahman,M., Shioda,T., Nakayama,E.",2018,2023-06-12,ssRNA(+)
OQ826858,dengue virus type 2,Orthoflavivirus denguei,2,D2-18-09,1485,partial,Bangladesh,Bangladesh,Homo sapiens,blood,"Rahim,R., Hasan,A., Phadungsombat,J., Hasan,N., Ara,N., Biswas,S.M., Nakayama,E.E., Rahman,M., Shioda,T., Nakayama,E.",2018,2023-06-12,ssRNA(+)
OQ826859,dengue virus type 2,Orthoflavivirus denguei,2,D2-18-10,1485,partial,Bangladesh,Bangladesh,Homo sapiens,blood,"Rahim,R., Hasan,A., Phadungsombat,J., Hasan,N., Ara,N., Biswas,S.M., Nakayama,E.E., Rahman,M., Shioda,T., Nakayama,E.",2018,2023-06-12,ssRNA(+)
OQ826860,dengue virus type 2,Orthoflavivirus denguei,2,D2-18-11,1485,partial,Bangladesh,Bangladesh,Homo sapiens,blood,"Rahim,R., Hasan,A., Phadungsombat,J., Hasan,N., Ara,N., Biswas,S.M., Nakayama,E.E., Rahman,M., Shioda,T., Nakayama,E.",2018,2023-06-12,ssRNA(+)
OQ826861,dengue virus type 2,Orthoflavivirus denguei,2,D2-18-12,1485,partial,Bangladesh,Bangladesh,Homo sapiens,blood,"Rahim,R., Hasan,A., Phadungsombat,J., Hasan,N., Ara,N., Biswas,S.M., Nakayama,E.E., Rahman,M., Shioda,T., Nakayama,E.",2018,2023-06-12,ssRNA(+)
OQ826862,dengue virus type 2,Orthoflavivirus denguei,2,D2-18-13,1485,partial,Bangladesh,Bangladesh,Homo sapiens,blood,"Rahim,R., Hasan,A., Phadungsombat,J., Hasan,N., Ara,N., Biswas,S.M., Nakayama,E.E., Rahman,M., Shioda,T., Nakayama,E.",2018,2023-06-12,ssRNA(+)
OQ826863,dengue virus type 2,Orthoflavivirus denguei,2,D2-18-14,1485,partial,Bangladesh,Bangladesh,Homo sapiens,blood,"Rahim,R., Hasan,A., Phadungsombat,J., Hasan,N., Ara,N., Biswas,S.M., Nakayama,E.E., Rahman,M., Shioda,T., Nakayama,E.",2018,2023-06-12,ssRNA(+)
OQ826864,dengue virus type 2,Orthoflavivirus denguei,2,D2-18-15,1485,partial,Bangladesh,Bangladesh,Homo sapiens,blood,"Rahim,R., Hasan,A., Phadungsombat,J., Hasan,N., Ara,N., Biswas,S.M., Nakayama,E.E., Rahman,M., Shioda,T., Nakayama,E.",2018,2023-06-12,ssRNA(+)
OQ826865,dengue virus type 2,Orthoflavivirus denguei,2,D2-18-16,1485,partial,Bangladesh,Bangladesh,Homo sapiens,blood,"Rahim,R., Hasan,A., Phadungsombat,J., Hasan,N., Ara,N., Biswas,S.M., Nakayama,E.E., Rahman,M., Shioda,T., Nakayama,E.",2018,2023-06-12,ssRNA(+)
OQ826866,dengue virus type 2,Orthoflavivirus denguei,2,D2-18-17,1485,partial,Bangladesh,Bangladesh,Homo sapiens,blood,"Rahim,R., Hasan,A., Phadungsombat,J., Hasan,N., Ara,N., Biswas,S.M., Nakayama,E.E., Rahman,M., Shioda,T., Nakayama,E.",2018,2023-06-12,ssRNA(+)
OQ826867,dengue virus type 2,Orthoflavivirus denguei,2,D2-18-19,1485,partial,Bangladesh,Bangladesh,Homo sapiens,blood,"Rahim,R., Hasan,A., Phadungsombat,J., Hasan,N., Ara,N., Biswas,S.M., Nakayama,E.E., Rahman,M., Shioda,T., Nakayama,E.",2018,2023-06-12,ssRNA(+)
OQ826868,dengue virus type 2,Orthoflavivirus denguei,2,D2-18-20,1485,partial,Bangladesh,Bangladesh,Homo sapiens,blood,"Rahim,R., Hasan,A., Phadungsombat,J., Hasan,N., Ara,N., Biswas,S.M., Nakayama,E.E., Rahman,M., Shioda,T., Nakayama,E.",2018,2023-06-12,ssRNA(+)
OQ826869,dengue virus type 2,Orthoflavivirus denguei,2,D2-18-21,1485,partial,Bangladesh,Bangladesh,Homo sapiens,blood,"Rahim,R., Hasan,A., Phadungsombat,J., Hasan,N., Ara,N., Biswas,S.M., Nakayama,E.E., Rahman,M., Shioda,T., Nakayama,E.",2018,2023-06-12,ssRNA(+)
OQ826870,dengue virus type 2,Orthoflavivirus denguei,2,D2-18-23,1485,partial,Bangladesh,Bangladesh,Homo sapiens,blood,"Rahim,R., Hasan,A., Phadungsombat,J., Hasan,N., Ara,N., Biswas,S.M., Nakayama,E.E., Rahman,M., Shioda,T., Nakayama,E.",2018,2023-06-12,ssRNA(+)
OQ826871,dengue virus type 2,Orthoflavivirus denguei,2,D2-18-24,1485,partial,Bangladesh,Bangladesh,Homo sapiens,blood,"Rahim,R., Hasan,A., Phadungsombat,J., Hasan,N., Ara,N., Biswas,S.M., Nakayama,E.E., Rahman,M., Shioda,T., Nakayama,E.",2018,2023-06-12,ssRNA(+)
OQ826872,dengue virus type 2,Orthoflavivirus denguei,2,D2-18-25,1485,partial,Bangladesh,Bangladesh,Homo sapiens,blood,"Rahim,R., Hasan,A., Phadungsombat,J., Hasan,N., Ara,N., Biswas,S.M., Nakayama,E.E., Rahman,M., Shioda,T., Nakayama,E.",2018,2023-06-12,ssRNA(+)
OQ826873,dengue virus type 2,Orthoflavivirus denguei,2,D2-18-27,1485,partial,Bangladesh,Bangladesh,Homo sapiens,blood,"Rahim,R., Hasan,A., Phadungsombat,J., Hasan,N., Ara,N., Biswas,S.M., Nakayama,E.E., Rahman,M., Shioda,T., Nakayama,E.",2018,2023-06-12,ssRNA(+)
OQ826874,dengue virus type 2,Orthoflavivirus denguei,2,D2-18-28,1485,partial,Bangladesh,Bangladesh,Homo sapiens,blood,"Rahim,R., Hasan,A., Phadungsombat,J., Hasan,N., Ara,N., Biswas,S.M., Nakayama,E.E., Rahman,M., Shioda,T., Nakayama,E.",2018,2023-06-12,ssRNA(+)
OQ826875,dengue virus type 2,Orthoflavivirus denguei,2,D2-18-29,1485,partial,Bangladesh,Bangladesh,Homo sapiens,blood,"Rahim,R., Hasan,A., Phadungsombat,J., Hasan,N., Ara,N., Biswas,S.M., Nakayama,E.E., Rahman,M., Shioda,T., Nakayama,E.",2018,2023-06-12,ssRNA(+)
OQ826876,dengue virus type 2,Orthoflavivirus denguei,2,D2-18-31,1485,partial,Bangladesh,Bangladesh,Homo sapiens,blood,"Rahim,R., Hasan,A., Phadungsombat,J., Hasan,N., Ara,N., Biswas,S.M., Nakayama,E.E., Rahman,M., Shioda,T., Nakayama,E.",2018,2023-06-12,ssRNA(+)
OQ826877,dengue virus type 2,Orthoflavivirus denguei,2,D2-18-32,1485,partial,Bangladesh,Bangladesh,Homo sapiens,blood,"Rahim,R., Hasan,A., Phadungsombat,J., Hasan,N., Ara,N., Biswas,S.M., Nakayama,E.E., Rahman,M., Shioda,T., Nakayama,E.",2018,2023-06-12,ssRNA(+)
OQ826878,dengue virus type 2,Orthoflavivirus denguei,2,D2-18-33,1485,partial,Bangladesh,Bangladesh,Homo sapiens,blood,"Rahim,R., Hasan,A., Phadungsombat,J., Hasan,N., Ara,N., Biswas,S.M., Nakayama,E.E., Rahman,M., Shioda,T., Nakayama,E.",2018,2023-06-12,ssRNA(+)
OQ826879,dengue virus type 2,Orthoflavivirus denguei,2,D2-18-35,1485,partial,Bangladesh,Bangladesh,Homo sapiens,blood,"Rahim,R., Hasan,A., Phadungsombat,J., Hasan,N., Ara,N., Biswas,S.M., Nakayama,E.E., Rahman,M., Shioda,T., Nakayama,E.",2018,2023-06-12,ssRNA(+)
OQ826880,dengue virus type 3,Orthoflavivirus denguei,3,D3-18-01,1479,partial,Bangladesh,Bangladesh,Homo sapiens,blood,"Rahim,R., Hasan,A., Phadungsombat,J., Hasan,N., Ara,N., Biswas,S.M., Nakayama,E.E., Rahman,M., Shioda,T., Nakayama,E.",2018,2023-06-12,ssRNA(+)
OQ826881,dengue virus type 3,Orthoflavivirus denguei,3,D3-18-02,1479,partial,Bangladesh,Bangladesh,Homo sapiens,blood,"Rahim,R., Hasan,A., Phadungsombat,J., Hasan,N., Ara,N., Biswas,S.M., Nakayama,E.E., Rahman,M., Shioda,T., Nakayama,E.",2018,2023-06-12,ssRNA(+)
OQ826882,dengue virus type 3,Orthoflavivirus denguei,3,D3-18-03,1479,partial,Bangladesh,Bangladesh,Homo sapiens,blood,"Rahim,R., Hasan,A., Phadungsombat,J., Hasan,N., Ara,N., Biswas,S.M., Nakayama,E.E., Rahman,M., Shioda,T., Nakayama,E.",2018,2023-06-12,ssRNA(+)
OQ826883,dengue virus type 3,Orthoflavivirus denguei,3,D3-18-04,1479,partial,Bangladesh,Bangladesh,Homo sapiens,blood,"Rahim,R., Hasan,A., Phadungsombat,J., Hasan,N., Ara,N., Biswas,S.M., Nakayama,E.E., Rahman,M., Shioda,T., Nakayama,E.",2018,2023-06-12,ssRNA(+)
OQ826884,dengue virus type 3,Orthoflavivirus denguei,3,D3-18-05,1479,partial,Bangladesh,Bangladesh,Homo sapiens,blood,"Rahim,R., Hasan,A., Phadungsombat,J., Hasan,N., Ara,N., Biswas,S.M., Nakayama,E.E., Rahman,M., Shioda,T., Nakayama,E.",2018,2023-06-12,ssRNA(+)
OQ826885,dengue virus type 3,Orthoflavivirus denguei,3,D3-18-06,1479,partial,Bangladesh,Bangladesh,Homo sapiens,blood,"Rahim,R., Hasan,A., Phadungsombat,J., Hasan,N., Ara,N., Biswas,S.M., Nakayama,E.E., Rahman,M., Shioda,T., Nakayama,E.",2018,2023-06-12,ssRNA(+)
OQ826886,dengue virus type 3,Orthoflavivirus denguei,3,D3-18-07,1479,partial,Bangladesh,Bangladesh,Homo sapiens,blood,"Rahim,R., Hasan,A., Phadungsombat,J., Hasan,N., Ara,N., Biswas,S.M., Nakayama,E.E., Rahman,M., Shioda,T., Nakayama,E.",2018,2023-06-12,ssRNA(+)
OQ826887,dengue virus type 3,Orthoflavivirus denguei,3,D3-18-08,1479,partial,Bangladesh,Bangladesh,Homo sapiens,blood,"Rahim,R., Hasan,A., Phadungsombat,J., Hasan,N., Ara,N., Biswas,S.M., Nakayama,E.E., Rahman,M., Shioda,T., Nakayama,E.",2018,2023-06-12,ssRNA(+)
OQ826888,dengue virus type 3,Orthoflavivirus denguei,3,D3-18-09,1479,partial,Bangladesh,Bangladesh,Homo sapiens,blood,"Rahim,R., Hasan,A., Phadungsombat,J., Hasan,N., Ara,N., Biswas,S.M., Nakayama,E.E., Rahman,M., Shioda,T., Nakayama,E.",2018,2023-06-12,ssRNA(+)
OQ826889,dengue virus type 3,Orthoflavivirus denguei,3,D3-18-10,1479,partial,Bangladesh,Bangladesh,Homo sapiens,blood,"Rahim,R., Hasan,A., Phadungsombat,J., Hasan,N., Ara,N., Biswas,S.M., Nakayama,E.E., Rahman,M., Shioda,T., Nakayama,E.",2018,2023-06-12,ssRNA(+)
OQ826890,dengue virus type 3,Orthoflavivirus denguei,3,D3-18-11,1479,partial,Bangladesh,Bangladesh,Homo sapiens,blood,"Rahim,R., Hasan,A., Phadungsombat,J., Hasan,N., Ara,N., Biswas,S.M., Nakayama,E.E., Rahman,M., Shioda,T., Nakayama,E.",2018,2023-06-12,ssRNA(+)
OQ826891,dengue virus type 3,Orthoflavivirus denguei,3,D3-18-12,1479,partial,Bangladesh,Bangladesh,Homo sapiens,blood,"Rahim,R., Hasan,A., Phadungsombat,J., Hasan,N., Ara,N., Biswas,S.M., Nakayama,E.E., Rahman,M., Shioda,T., Nakayama,E.",2018,2023-06-12,ssRNA(+)
OQ826892,dengue virus type 3,Orthoflavivirus denguei,3,D3-18-13,1479,partial,Bangladesh,Bangladesh,Homo sapiens,blood,"Rahim,R., Hasan,A., Phadungsombat,J., Hasan,N., Ara,N., Biswas,S.M., Nakayama,E.E., Rahman,M., Shioda,T., Nakayama,E.",2018,2023-06-12,ssRNA(+)
OQ826893,dengue virus type 3,Orthoflavivirus denguei,3,D3-18-14,1479,partial,Bangladesh,Bangladesh,Homo sapiens,blood,"Rahim,R., Hasan,A., Phadungsombat,J., Hasan,N., Ara,N., Biswas,S.M., Nakayama,E.E., Rahman,M., Shioda,T., Nakayama,E.",2018,2023-06-12,ssRNA(+)
OQ826894,dengue virus type 3,Orthoflavivirus denguei,3,D3-18-15,1479,partial,Bangladesh,Bangladesh,Homo sapiens,blood,"Rahim,R., Hasan,A., Phadungsombat,J., Hasan,N., Ara,N., Biswas,S.M., Nakayama,E.E., Rahman,M., Shioda,T., Nakayama,E.",2018,2023-06-12,ssRNA(+)
OQ826895,dengue virus type 3,Orthoflavivirus denguei,3,D3-18-16,1479,partial,Bangladesh,Bangladesh,Homo sapiens,blood,"Rahim,R., Hasan,A., Phadungsombat,J., Hasan,N., Ara,N., Biswas,S.M., Nakayama,E.E., Rahman,M., Shioda,T., Nakayama,E.",2018,2023-06-12,ssRNA(+)
OQ826896,dengue virus type 3,Orthoflavivirus denguei,3,D3-18-17,1479,partial,Bangladesh,Bangladesh,Homo sapiens,blood,"Rahim,R., Hasan,A., Phadungsombat,J., Hasan,N., Ara,N., Biswas,S.M., Nakayama,E.E., Rahman,M., Shioda,T., Nakayama,E.",2018,2023-06-12,ssRNA(+)
OQ826897,dengue virus type 3,Orthoflavivirus denguei,3,D3-18-18,1479,partial,Bangladesh,Bangladesh,Homo sapiens,blood,"Rahim,R., Hasan,A., Phadungsombat,J., Hasan,N., Ara,N., Biswas,S.M., Nakayama,E.E., Rahman,M., Shioda,T., Nakayama,E.",2018,2023-06-12,ssRNA(+)
OQ826898,dengue virus type 3,Orthoflavivirus denguei,3,D3-18-19,1479,partial,Bangladesh,Bangladesh,Homo sapiens,blood,"Rahim,R., Hasan,A., Phadungsombat,J., Hasan,N., Ara,N., Biswas,S.M., Nakayama,E.E., Rahman,M., Shioda,T., Nakayama,E.",2018,2023-06-12,ssRNA(+)
OQ826899,dengue virus type 3,Orthoflavivirus denguei,3,D3-18-20,1479,partial,Bangladesh,Bangladesh,Homo sapiens,blood,"Rahim,R., Hasan,A., Phadungsombat,J., Hasan,N., Ara,N., Biswas,S.M., Nakayama,E.E., Rahman,M., Shioda,T., Nakayama,E.",2018,2023-06-12,ssRNA(+)
OQ826900,dengue virus type 3,Orthoflavivirus denguei,3,D3-18-21,1479,partial,Bangladesh,Bangladesh,Homo sapiens,blood,"Rahim,R., Hasan,A., Phadungsombat,J., Hasan,N., Ara,N., Biswas,S.M., Nakayama,E.E., Rahman,M., Shioda,T., Nakayama,E.",2018,2023-06-12,ssRNA(+)
OQ826901,dengue virus type 3,Orthoflavivirus denguei,3,D3-18-22,1479,partial,Bangladesh,Bangladesh,Homo sapiens,blood,"Rahim,R., Hasan,A., Phadungsombat,J., Hasan,N., Ara,N., Biswas,S.M., Nakayama,E.E., Rahman,M., Shioda,T., Nakayama,E.",2018,2023-06-12,ssRNA(+)
OQ826902,dengue virus type 3,Orthoflavivirus denguei,3,D3-18-23,1479,partial,Bangladesh,Bangladesh,Homo sapiens,blood,"Rahim,R., Hasan,A., Phadungsombat,J., Hasan,N., Ara,N., Biswas,S.M., Nakayama,E.E., Rahman,M., Shioda,T., Nakayama,E.",2018,2023-06-12,ssRNA(+)
OQ826903,dengue virus type 3,Orthoflavivirus denguei,3,D3-18-24,1479,partial,Bangladesh,Bangladesh,Homo sapiens,blood,"Rahim,R., Hasan,A., Phadungsombat,J., Hasan,N., Ara,N., Biswas,S.M., Nakayama,E.E., Rahman,M., Shioda,T., Nakayama,E.",2018,2023-06-12,ssRNA(+)
OQ826904,dengue virus type 3,Orthoflavivirus denguei,3,D3-19-01,1479,partial,Bangladesh,Bangladesh,Homo sapiens,blood,"Rahim,R., Hasan,A., Phadungsombat,J., Hasan,N., Ara,N., Biswas,S.M., Nakayama,E.E., Rahman,M., Shioda,T., Nakayama,E.",2019,2023-06-12,ssRNA(+)
OQ826905,dengue virus type 3,Orthoflavivirus denguei,3,D3-19-02,1479,partial,Bangladesh,Bangladesh,Homo sapiens,blood,"Rahim,R., Hasan,A., Phadungsombat,J., Hasan,N., Ara,N., Biswas,S.M., Nakayama,E.E., Rahman,M., Shioda,T., Nakayama,E.",2019,2023-06-12,ssRNA(+)
OQ826906,dengue virus type 3,Orthoflavivirus denguei,3,D3-19-03,1479,partial,Bangladesh,Bangladesh,Homo sapiens,blood,"Rahim,R., Hasan,A., Phadungsombat,J., Hasan,N., Ara,N., Biswas,S.M., Nakayama,E.E., Rahman,M., Shioda,T., Nakayama,E.",2019,2023-06-12,ssRNA(+)
OQ826907,dengue virus type 3,Orthoflavivirus denguei,3,D3-19-04,1479,partial,Bangladesh,Bangladesh,Homo sapiens,blood,"Rahim,R., Hasan,A., Phadungsombat,J., Hasan,N., Ara,N., Biswas,S.M., Nakayama,E.E., Rahman,M., Shioda,T., Nakayama,E.",2019,2023-06-12,ssRNA(+)
OQ826908,dengue virus type 3,Orthoflavivirus denguei,3,D3-19-05,1479,partial,Bangladesh,Bangladesh,Homo sapiens,blood,"Rahim,R., Hasan,A., Phadungsombat,J., Hasan,N., Ara,N., Biswas,S.M., Nakayama,E.E., Rahman,M., Shioda,T., Nakayama,E.",2019,2023-06-12,ssRNA(+)
OQ826909,dengue virus type 3,Orthoflavivirus denguei,3,D3-19-07,1479,partial,Bangladesh,Bangladesh,Homo sapiens,blood,"Rahim,R., Hasan,A., Phadungsombat,J., Hasan,N., Ara,N., Biswas,S.M., Nakayama,E.E., Rahman,M., Shioda,T., Nakayama,E.",2019,2023-06-12,ssRNA(+)
OQ826910,dengue virus type 3,Orthoflavivirus denguei,3,D3-19-08,1479,partial,Bangladesh,Bangladesh,Homo sapiens,blood,"Rahim,R., Hasan,A., Phadungsombat,J., Hasan,N., Ara,N., Biswas,S.M., Nakayama,E.E., Rahman,M., Shioda,T., Nakayama,E.",2019,2023-06-12,ssRNA(+)
OQ826911,dengue virus type 3,Orthoflavivirus denguei,3,D3-19-09,1479,partial,Bangladesh,Bangladesh,Homo sapiens,blood,"Rahim,R., Hasan,A., Phadungsombat,J., Hasan,N., Ara,N., Biswas,S.M., Nakayama,E.E., Rahman,M., Shioda,T., Nakayama,E.",2019,2023-06-12,ssRNA(+)
OQ826912,dengue virus type 3,Orthoflavivirus denguei,3,D3-19-10,1479,partial,Bangladesh,Bangladesh,Homo sapiens,blood,"Rahim,R., Hasan,A., Phadungsombat,J., Hasan,N., Ara,N., Biswas,S.M., Nakayama,E.E., Rahman,M., Shioda,T., Nakayama,E.",2019,2023-06-12,ssRNA(+)
OQ826913,dengue virus type 3,Orthoflavivirus denguei,3,D3-19-12,1479,partial,Bangladesh,Bangladesh,Homo sapiens,blood,"Rahim,R., Hasan,A., Phadungsombat,J., Hasan,N., Ara,N., Biswas,S.M., Nakayama,E.E., Rahman,M., Shioda,T., Nakayama,E.",2019,2023-06-12,ssRNA(+)
OQ826914,dengue virus type 3,Orthoflavivirus denguei,3,D3-19-13,1479,partial,Bangladesh,Bangladesh,Homo sapiens,blood,"Rahim,R., Hasan,A., Phadungsombat,J., Hasan,N., Ara,N., Biswas,S.M., Nakayama,E.E., Rahman,M., Shioda,T., Nakayama,E.",2019,2023-06-12,ssRNA(+)
OQ826915,dengue virus type 3,Orthoflavivirus denguei,3,D3-19-14,1479,partial,Bangladesh,Bangladesh,Homo sapiens,blood,"Rahim,R., Hasan,A., Phadungsombat,J., Hasan,N., Ara,N., Biswas,S.M., Nakayama,E.E., Rahman,M., Shioda,T., Nakayama,E.",2019,2023-06-12,ssRNA(+)
OQ826916,dengue virus type 3,Orthoflavivirus denguei,3,D3-19-15,1479,partial,Bangladesh,Bangladesh,Homo sapiens,blood,"Rahim,R., Hasan,A., Phadungsombat,J., Hasan,N., Ara,N., Biswas,S.M., Nakayama,E.E., Rahman,M., Shioda,T., Nakayama,E.",2019,2023-06-12,ssRNA(+)
OQ826917,dengue virus type 3,Orthoflavivirus denguei,3,D3-19-16,1479,partial,Bangladesh,Bangladesh,Homo sapiens,blood,"Rahim,R., Hasan,A., Phadungsombat,J., Hasan,N., Ara,N., Biswas,S.M., Nakayama,E.E., Rahman,M., Shioda,T., Nakayama,E.",2019,2023-06-12,ssRNA(+)
OQ826918,dengue virus type 3,Orthoflavivirus denguei,3,D3-19-17,1479,partial,Bangladesh,Bangladesh,Homo sapiens,blood,"Rahim,R., Hasan,A., Phadungsombat,J., Hasan,N., Ara,N., Biswas,S.M., Nakayama,E.E., Rahman,M., Shioda,T., Nakayama,E.",2019,2023-06-12,ssRNA(+)
OQ826919,dengue virus type 3,Orthoflavivirus denguei,3,D3-19-18,1479,partial,Bangladesh,Bangladesh,Homo sapiens,blood,"Rahim,R., Hasan,A., Phadungsombat,J., Hasan,N., Ara,N., Biswas,S.M., Nakayama,E.E., Rahman,M., Shioda,T., Nakayama,E.",2019,2023-06-12,ssRNA(+)
OQ826920,dengue virus type 3,Orthoflavivirus denguei,3,D3-19-19,1479,partial,Bangladesh,Bangladesh,Homo sapiens,blood,"Rahim,R., Hasan,A., Phadungsombat,J., Hasan,N., Ara,N., Biswas,S.M., Nakayama,E.E., Rahman,M., Shioda,T., Nakayama,E.",2019,2023-06-12,ssRNA(+)
OQ826921,dengue virus type 3,Orthoflavivirus denguei,3,D3-19-20,1479,partial,Bangladesh,Bangladesh,Homo sapiens,blood,"Rahim,R., Hasan,A., Phadungsombat,J., Hasan,N., Ara,N., Biswas,S.M., Nakayama,E.E., Rahman,M., Shioda,T., Nakayama,E.",2019,2023-06-12,ssRNA(+)
OQ826922,dengue virus type 3,Orthoflavivirus denguei,3,D3-19-21,1479,partial,Bangladesh,Bangladesh,Homo sapiens,blood,"Rahim,R., Hasan,A., Phadungsombat,J., Hasan,N., Ara,N., Biswas,S.M., Nakayama,E.E., Rahman,M., Shioda,T., Nakayama,E.",2019,2023-06-12,ssRNA(+)
OQ826923,dengue virus type 3,Orthoflavivirus denguei,3,D3-19-22,1479,partial,Bangladesh,Bangladesh,Homo sapiens,blood,"Rahim,R., Hasan,A., Phadungsombat,J., Hasan,N., Ara,N., Biswas,S.M., Nakayama,E.E., Rahman,M., Shioda,T., Nakayama,E.",2019,2023-06-12,ssRNA(+)
OQ826924,dengue virus type 3,Orthoflavivirus denguei,3,D3-19-23,1479,partial,Bangladesh,Bangladesh,Homo sapiens,blood,"Rahim,R., Hasan,A., Phadungsombat,J., Hasan,N., Ara,N., Biswas,S.M., Nakayama,E.E., Rahman,M., Shioda,T., Nakayama,E.",2019,2023-06-12,ssRNA(+)
OQ826925,dengue virus type 3,Orthoflavivirus denguei,3,D3-19-24,1479,partial,Bangladesh,Bangladesh,Homo sapiens,blood,"Rahim,R., Hasan,A., Phadungsombat,J., Hasan,N., Ara,N., Biswas,S.M., Nakayama,E.E., Rahman,M., Shioda,T., Nakayama,E.",2019,2023-06-12,ssRNA(+)
OQ826926,dengue virus type 3,Orthoflavivirus denguei,3,D3-19-25,1479,partial,Bangladesh,Bangladesh,Homo sapiens,blood,"Rahim,R., Hasan,A., Phadungsombat,J., Hasan,N., Ara,N., Biswas,S.M., Nakayama,E.E., Rahman,M., Shioda,T., Nakayama,E.",2019,2023-06-12,ssRNA(+)
OQ826927,dengue virus type 3,Orthoflavivirus denguei,3,D3-19-26,1479,partial,Bangladesh,Bangladesh,Homo sapiens,blood,"Rahim,R., Hasan,A., Phadungsombat,J., Hasan,N., Ara,N., Biswas,S.M., Nakayama,E.E., Rahman,M., Shioda,T., Nakayama,E.",2019,2023-06-12,ssRNA(+)
OQ826928,dengue virus type 3,Orthoflavivirus denguei,3,D3-19-27,1479,partial,Bangladesh,Bangladesh,Homo sapiens,blood,"Rahim,R., Hasan,A., Phadungsombat,J., Hasan,N., Ara,N., Biswas,S.M., Nakayama,E.E., Rahman,M., Shioda,T., Nakayama,E.",2019,2023-06-12,ssRNA(+)
OQ826929,dengue virus type 3,Orthoflavivirus denguei,3,D3-19-28,1479,partial,Bangladesh,Bangladesh,Homo sapiens,blood,"Rahim,R., Hasan,A., Phadungsombat,J., Hasan,N., Ara,N., Biswas,S.M., Nakayama,E.E., Rahman,M., Shioda,T., Nakayama,E.",2019,2023-06-12,ssRNA(+)
OQ826930,dengue virus type 3,Orthoflavivirus denguei,3,D3-19-29,1479,partial,Bangladesh,Bangladesh,Homo sapiens,blood,"Rahim,R., Hasan,A., Phadungsombat,J., Hasan,N., Ara,N., Biswas,S.M., Nakayama,E.E., Rahman,M., Shioda,T., Nakayama,E.",2019,2023-06-12,ssRNA(+)
OQ826931,dengue virus type 3,Orthoflavivirus denguei,3,D3-19-30,1479,partial,Bangladesh,Bangladesh,Homo sapiens,blood,"Rahim,R., Hasan,A., Phadungsombat,J., Hasan,N., Ara,N., Biswas,S.M., Nakayama,E.E., Rahman,M., Shioda,T., Nakayama,E.",2019,2023-06-12,ssRNA(+)
OQ826932,dengue virus type 3,Orthoflavivirus denguei,3,D3-19-31,1479,partial,Bangladesh,Bangladesh,Homo sapiens,blood,"Rahim,R., Hasan,A., Phadungsombat,J., Hasan,N., Ara,N., Biswas,S.M., Nakayama,E.E., Rahman,M., Shioda,T., Nakayama,E.",2019,2023-06-12,ssRNA(+)
OQ826933,dengue virus type 3,Orthoflavivirus denguei,3,D3-19-32,1479,partial,Bangladesh,Bangladesh,Homo sapiens,blood,"Rahim,R., Hasan,A., Phadungsombat,J., Hasan,N., Ara,N., Biswas,S.M., Nakayama,E.E., Rahman,M., Shioda,T., Nakayama,E.",2019,2023-06-12,ssRNA(+)
OQ826934,dengue virus type 3,Orthoflavivirus denguei,3,D3-19-33,1479,partial,Bangladesh,Bangladesh,Homo sapiens,blood,"Rahim,R., Hasan,A., Phadungsombat,J., Hasan,N., Ara,N., Biswas,S.M., Nakayama,E.E., Rahman,M., Shioda,T., Nakayama,E.",2019,2023-06-12,ssRNA(+)
OQ826935,dengue virus type 3,Orthoflavivirus denguei,3,D3-19-34,1479,partial,Bangladesh,Bangladesh,Homo sapiens,blood,"Rahim,R., Hasan,A., Phadungsombat,J., Hasan,N., Ara,N., Biswas,S.M., Nakayama,E.E., Rahman,M., Shioda,T., Nakayama,E.",2019,2023-06-12,ssRNA(+)
OQ826936,dengue virus type 3,Orthoflavivirus denguei,3,D3-19-35,1479,partial,Bangladesh,Bangladesh,Homo sapiens,blood,"Rahim,R., Hasan,A., Phadungsombat,J., Hasan,N., Ara,N., Biswas,S.M., Nakayama,E.E., Rahman,M., Shioda,T., Nakayama,E.",2019,2023-06-12,ssRNA(+)
OQ826937,dengue virus type 3,Orthoflavivirus denguei,3,D3-19-36,1479,partial,Bangladesh,Bangladesh,Homo sapiens,blood,"Rahim,R., Hasan,A., Phadungsombat,J., Hasan,N., Ara,N., Biswas,S.M., Nakayama,E.E., Rahman,M., Shioda,T., Nakayama,E.",2019,2023-06-12,ssRNA(+)
OQ826938,dengue virus type 3,Orthoflavivirus denguei,3,D3-19-37,1479,partial,Bangladesh,Bangladesh,Homo sapiens,blood,"Rahim,R., Hasan,A., Phadungsombat,J., Hasan,N., Ara,N., Biswas,S.M., Nakayama,E.E., Rahman,M., Shioda,T., Nakayama,E.",2019,2023-06-12,ssRNA(+)
OQ826939,dengue virus type 3,Orthoflavivirus denguei,3,D3-19-38,1479,partial,Bangladesh,Bangladesh,Homo sapiens,blood,"Rahim,R., Hasan,A., Phadungsombat,J., Hasan,N., Ara,N., Biswas,S.M., Nakayama,E.E., Rahman,M., Shioda,T., Nakayama,E.",2019,2023-06-12,ssRNA(+)
OQ826940,dengue virus type 3,Orthoflavivirus denguei,3,D3-19-39,1479,partial,Bangladesh,Bangladesh,Homo sapiens,blood,"Rahim,R., Hasan,A., Phadungsombat,J., Hasan,N., Ara,N., Biswas,S.M., Nakayama,E.E., Rahman,M., Shioda,T., Nakayama,E.",2019,2023-06-12,ssRNA(+)
OQ826941,dengue virus type 3,Orthoflavivirus denguei,3,D3-21-01,1479,partial,Bangladesh,Bangladesh,Homo sapiens,blood,"Rahim,R., Hasan,A., Phadungsombat,J., Hasan,N., Ara,N., Biswas,S.M., Nakayama,E.E., Rahman,M., Shioda,T., Nakayama,E.",2021,2023-06-12,ssRNA(+)
OQ826942,dengue virus type 3,Orthoflavivirus denguei,3,D3-21-02,1479,partial,Bangladesh,Bangladesh,Homo sapiens,blood,"Rahim,R., Hasan,A., Phadungsombat,J., Hasan,N., Ara,N., Biswas,S.M., Nakayama,E.E., Rahman,M., Shioda,T., Nakayama,E.",2021,2023-06-12,ssRNA(+)
OQ826943,dengue virus type 3,Orthoflavivirus denguei,3,D3-21-03,1479,partial,Bangladesh,Bangladesh,Homo sapiens,blood,"Rahim,R., Hasan,A., Phadungsombat,J., Hasan,N., Ara,N., Biswas,S.M., Nakayama,E.E., Rahman,M., Shioda,T., Nakayama,E.",2021,2023-06-12,ssRNA(+)
OQ826944,dengue virus type 3,Orthoflavivirus denguei,3,D3-21-04,1479,partial,Bangladesh,Bangladesh,Homo sapiens,blood,"Rahim,R., Hasan,A., Phadungsombat,J., Hasan,N., Ara,N., Biswas,S.M., Nakayama,E.E., Rahman,M., Shioda,T., Nakayama,E.",2021,2023-06-12,ssRNA(+)
OQ826945,dengue virus type 3,Orthoflavivirus denguei,3,D3-21-05,1479,partial,Bangladesh,Bangladesh,Homo sapiens,blood,"Rahim,R., Hasan,A., Phadungsombat,J., Hasan,N., Ara,N., Biswas,S.M., Nakayama,E.E., Rahman,M., Shioda,T., Nakayama,E.",2021,2023-06-12,ssRNA(+)
OQ826946,dengue virus type 3,Orthoflavivirus denguei,3,D3-21-06,1479,partial,Bangladesh,Bangladesh,Homo sapiens,blood,"Rahim,R., Hasan,A., Phadungsombat,J., Hasan,N., Ara,N., Biswas,S.M., Nakayama,E.E., Rahman,M., Shioda,T., Nakayama,E.",2021,2023-06-12,ssRNA(+)
OQ826947,dengue virus type 3,Orthoflavivirus denguei,3,D3-21-07,1479,partial,Bangladesh,Bangladesh,Homo sapiens,blood,"Rahim,R., Hasan,A., Phadungsombat,J., Hasan,N., Ara,N., Biswas,S.M., Nakayama,E.E., Rahman,M., Shioda,T., Nakayama,E.",2021,2023-06-12,ssRNA(+)
OQ826948,dengue virus type 3,Orthoflavivirus denguei,3,D3-21-08,1479,partial,Bangladesh,Bangladesh,Homo sapiens,blood,"Rahim,R., Hasan,A., Phadungsombat,J., Hasan,N., Ara,N., Biswas,S.M., Nakayama,E.E., Rahman,M., Shioda,T., Nakayama,E.",2021,2023-06-12,ssRNA(+)
OQ826949,dengue virus type 3,Orthoflavivirus denguei,3,D3-21-09,1479,partial,Bangladesh,Bangladesh,Homo sapiens,blood,"Rahim,R., Hasan,A., Phadungsombat,J., Hasan,N., Ara,N., Biswas,S.M., Nakayama,E.E., Rahman,M., Shioda,T., Nakayama,E.",2021,2023-06-12,ssRNA(+)
OQ826950,dengue virus type 3,Orthoflavivirus denguei,3,D3-21-10,1479,partial,Bangladesh,Bangladesh,Homo sapiens,blood,"Rahim,R., Hasan,A., Phadungsombat,J., Hasan,N., Ara,N., Biswas,S.M., Nakayama,E.E., Rahman,M., Shioda,T., Nakayama,E.",2021,2023-06-12,ssRNA(+)
OQ826951,dengue virus type 3,Orthoflavivirus denguei,3,D3-21-11,1479,partial,Bangladesh,Bangladesh,Homo sapiens,blood,"Rahim,R., Hasan,A., Phadungsombat,J., Hasan,N., Ara,N., Biswas,S.M., Nakayama,E.E., Rahman,M., Shioda,T., Nakayama,E.",2021,2023-06-12,ssRNA(+)
OQ826952,dengue virus type 3,Orthoflavivirus denguei,3,D3-21-12,1479,partial,Bangladesh,Bangladesh,Homo sapiens,blood,"Rahim,R., Hasan,A., Phadungsombat,J., Hasan,N., Ara,N., Biswas,S.M., Nakayama,E.E., Rahman,M., Shioda,T., Nakayama,E.",2021,2023-06-12,ssRNA(+)
OQ826953,dengue virus type 3,Orthoflavivirus denguei,3,D3-21-13,1479,partial,Bangladesh,Bangladesh,Homo sapiens,blood,"Rahim,R., Hasan,A., Phadungsombat,J., Hasan,N., Ara,N., Biswas,S.M., Nakayama,E.E., Rahman,M., Shioda,T., Nakayama,E.",2021,2023-06-12,ssRNA(+)
OQ826954,dengue virus type 3,Orthoflavivirus denguei,3,D3-21-14,1479,partial,Bangladesh,Bangladesh,Homo sapiens,blood,"Rahim,R., Hasan,A., Phadungsombat,J., Hasan,N., Ara,N., Biswas,S.M., Nakayama,E.E., Rahman,M., Shioda,T., Nakayama,E.",2021,2023-06-12,ssRNA(+)
OQ826955,dengue virus type 3,Orthoflavivirus denguei,3,D3-21-15,1479,partial,Bangladesh,Bangladesh,Homo sapiens,blood,"Rahim,R., Hasan,A., Phadungsombat,J., Hasan,N., Ara,N., Biswas,S.M., Nakayama,E.E., Rahman,M., Shioda,T., Nakayama,E.",2021,2023-06-12,ssRNA(+)
OQ826956,dengue virus type 3,Orthoflavivirus denguei,3,D3-21-16,1479,partial,Bangladesh,Bangladesh,Homo sapiens,blood,"Rahim,R., Hasan,A., Phadungsombat,J., Hasan,N., Ara,N., Biswas,S.M., Nakayama,E.E., Rahman,M., Shioda,T., Nakayama,E.",2021,2023-06-12,ssRNA(+)
OQ826957,dengue virus type 3,Orthoflavivirus denguei,3,D3-21-17,1479,partial,Bangladesh,Bangladesh,Homo sapiens,blood,"Rahim,R., Hasan,A., Phadungsombat,J., Hasan,N., Ara,N., Biswas,S.M., Nakayama,E.E., Rahman,M., Shioda,T., Nakayama,E.",2021,2023-06-12,ssRNA(+)
OQ826958,dengue virus type 3,Orthoflavivirus denguei,3,D3-21-18,1479,partial,Bangladesh,Bangladesh,Homo sapiens,blood,"Rahim,R., Hasan,A., Phadungsombat,J., Hasan,N., Ara,N., Biswas,S.M., Nakayama,E.E., Rahman,M., Shioda,T., Nakayama,E.",2021,2023-06-12,ssRNA(+)
OQ826959,dengue virus type 3,Orthoflavivirus denguei,3,D3-21-19,1479,partial,Bangladesh,Bangladesh,Homo sapiens,blood,"Rahim,R., Hasan,A., Phadungsombat,J., Hasan,N., Ara,N., Biswas,S.M., Nakayama,E.E., Rahman,M., Shioda,T., Nakayama,E.",2021,2023-06-12,ssRNA(+)
OQ826960,dengue virus type 3,Orthoflavivirus denguei,3,D3-21-20,1479,partial,Bangladesh,Bangladesh,Homo sapiens,blood,"Rahim,R., Hasan,A., Phadungsombat,J., Hasan,N., Ara,N., Biswas,S.M., Nakayama,E.E., Rahman,M., Shioda,T., Nakayama,E.",2021,2023-06-12,ssRNA(+)
OQ826961,dengue virus type 3,Orthoflavivirus denguei,3,D3-21-21,1479,partial,Bangladesh,Bangladesh,Homo sapiens,blood,"Rahim,R., Hasan,A., Phadungsombat,J., Hasan,N., Ara,N., Biswas,S.M., Nakayama,E.E., Rahman,M., Shioda,T., Nakayama,E.",2021,2023-06-12,ssRNA(+)
OQ826962,dengue virus type 3,Orthoflavivirus denguei,3,D3-21-22,1479,partial,Bangladesh,Bangladesh,Homo sapiens,blood,"Rahim,R., Hasan,A., Phadungsombat,J., Hasan,N., Ara,N., Biswas,S.M., Nakayama,E.E., Rahman,M., Shioda,T., Nakayama,E.",2021,2023-06-12,ssRNA(+)
OQ826963,dengue virus type 3,Orthoflavivirus denguei,3,D3-21-23,1479,partial,Bangladesh,Bangladesh,Homo sapiens,blood,"Rahim,R., Hasan,A., Phadungsombat,J., Hasan,N., Ara,N., Biswas,S.M., Nakayama,E.E., Rahman,M., Shioda,T., Nakayama,E.",2021,2023-06-12,ssRNA(+)
OQ826964,dengue virus type 3,Orthoflavivirus denguei,3,D3-21-24,1479,partial,Bangladesh,Bangladesh,Homo sapiens,blood,"Rahim,R., Hasan,A., Phadungsombat,J., Hasan,N., Ara,N., Biswas,S.M., Nakayama,E.E., Rahman,M., Shioda,T., Nakayama,E.",2021,2023-06-12,ssRNA(+)
OQ826965,dengue virus type 3,Orthoflavivirus denguei,3,D3-21-25,1479,partial,Bangladesh,Bangladesh,Homo sapiens,blood,"Rahim,R., Hasan,A., Phadungsombat,J., Hasan,N., Ara,N., Biswas,S.M., Nakayama,E.E., Rahman,M., Shioda,T., Nakayama,E.",2021,2023-06-12,ssRNA(+)
OQ826966,dengue virus type 3,Orthoflavivirus denguei,3,D3-21-26,1479,partial,Bangladesh,Bangladesh,Homo sapiens,blood,"Rahim,R., Hasan,A., Phadungsombat,J., Hasan,N., Ara,N., Biswas,S.M., Nakayama,E.E., Rahman,M., Shioda,T., Nakayama,E.",2021,2023-06-12,ssRNA(+)
OQ826967,dengue virus type 3,Orthoflavivirus denguei,3,D3-21-27,1479,partial,Bangladesh,Bangladesh,Homo sapiens,blood,"Rahim,R., Hasan,A., Phadungsombat,J., Hasan,N., Ara,N., Biswas,S.M., Nakayama,E.E., Rahman,M., Shioda,T., Nakayama,E.",2021,2023-06-12,ssRNA(+)
OQ826968,dengue virus type 3,Orthoflavivirus denguei,3,D3-21-28,1479,partial,Bangladesh,Bangladesh,Homo sapiens,blood,"Rahim,R., Hasan,A., Phadungsombat,J., Hasan,N., Ara,N., Biswas,S.M., Nakayama,E.E., Rahman,M., Shioda,T., Nakayama,E.",2021,2023-06-12,ssRNA(+)
OQ826969,dengue virus type 3,Orthoflavivirus denguei,3,D3-21-29,1479,partial,Bangladesh,Bangladesh,Homo sapiens,blood,"Rahim,R., Hasan,A., Phadungsombat,J., Hasan,N., Ara,N., Biswas,S.M., Nakayama,E.E., Rahman,M., Shioda,T., Nakayama,E.",2021,2023-06-12,ssRNA(+)
OQ826970,dengue virus type 3,Orthoflavivirus denguei,3,D3-21-30,1479,partial,Bangladesh,Bangladesh,Homo sapiens,blood,"Rahim,R., Hasan,A., Phadungsombat,J., Hasan,N., Ara,N., Biswas,S.M., Nakayama,E.E., Rahman,M., Shioda,T., Nakayama,E.",2021,2023-06-12,ssRNA(+)
OQ826971,dengue virus type 3,Orthoflavivirus denguei,3,D3-21-31,1479,partial,Bangladesh,Bangladesh,Homo sapiens,blood,"Rahim,R., Hasan,A., Phadungsombat,J., Hasan,N., Ara,N., Biswas,S.M., Nakayama,E.E., Rahman,M., Shioda,T., Nakayama,E.",2021,2023-06-12,ssRNA(+)
OQ826972,dengue virus type 3,Orthoflavivirus denguei,3,D3-21-32,1479,partial,Bangladesh,Bangladesh,Homo sapiens,blood,"Rahim,R., Hasan,A., Phadungsombat,J., Hasan,N., Ara,N., Biswas,S.M., Nakayama,E.E., Rahman,M., Shioda,T., Nakayama,E.",2021,2023-06-12,ssRNA(+)
OQ826973,dengue virus type 3,Orthoflavivirus denguei,3,D3-21-33,1479,partial,Bangladesh,Bangladesh,Homo sapiens,blood,"Rahim,R., Hasan,A., Phadungsombat,J., Hasan,N., Ara,N., Biswas,S.M., Nakayama,E.E., Rahman,M., Shioda,T., Nakayama,E.",2021,2023-06-12,ssRNA(+)
OQ826974,dengue virus type 3,Orthoflavivirus denguei,3,D3-21-34,1479,partial,Bangladesh,Bangladesh,Homo sapiens,blood,"Rahim,R., Hasan,A., Phadungsombat,J., Hasan,N., Ara,N., Biswas,S.M., Nakayama,E.E., Rahman,M., Shioda,T., Nakayama,E.",2021,2023-06-12,ssRNA(+)
OQ826975,dengue virus type 3,Orthoflavivirus denguei,3,D3-21-35,1479,partial,Bangladesh,Bangladesh,Homo sapiens,blood,"Rahim,R., Hasan,A., Phadungsombat,J., Hasan,N., Ara,N., Biswas,S.M., Nakayama,E.E., Rahman,M., Shioda,T., Nakayama,E.",2021,2023-06-12,ssRNA(+)
OQ826976,dengue virus type 3,Orthoflavivirus denguei,3,D3-21-36,1479,partial,Bangladesh,Bangladesh,Homo sapiens,blood,"Rahim,R., Hasan,A., Phadungsombat,J., Hasan,N., Ara,N., Biswas,S.M., Nakayama,E.E., Rahman,M., Shioda,T., Nakayama,E.",2021,2023-06-12,ssRNA(+)
OQ826977,dengue virus type 3,Orthoflavivirus denguei,3,D3-21-37,1479,partial,Bangladesh,Bangladesh,Homo sapiens,blood,"Rahim,R., Hasan,A., Phadungsombat,J., Hasan,N., Ara,N., Biswas,S.M., Nakayama,E.E., Rahman,M., Shioda,T., Nakayama,E.",2021,2023-06-12,ssRNA(+)
OQ826978,dengue virus type 3,Orthoflavivirus denguei,3,D3-21-38,1479,partial,Bangladesh,Bangladesh,Homo sapiens,blood,"Rahim,R., Hasan,A., Phadungsombat,J., Hasan,N., Ara,N., Biswas,S.M., Nakayama,E.E., Rahman,M., Shioda,T., Nakayama,E.",2021,2023-06-12,ssRNA(+)
OQ826979,dengue virus type 3,Orthoflavivirus denguei,3,D3-21-39,1479,partial,Bangladesh,Bangladesh,Homo sapiens,blood,"Rahim,R., Hasan,A., Phadungsombat,J., Hasan,N., Ara,N., Biswas,S.M., Nakayama,E.E., Rahman,M., Shioda,T., Nakayama,E.",2021,2023-06-12,ssRNA(+)
OQ826980,dengue virus type 3,Orthoflavivirus denguei,3,D3-21-40,1479,partial,Bangladesh,Bangladesh,Homo sapiens,blood,"Rahim,R., Hasan,A., Phadungsombat,J., Hasan,N., Ara,N., Biswas,S.M., Nakayama,E.E., Rahman,M., Shioda,T., Nakayama,E.",2021,2023-06-12,ssRNA(+)
OQ826981,dengue virus type 3,Orthoflavivirus denguei,3,D3-22-01,1479,partial,Bangladesh,Bangladesh,Homo sapiens,blood,"Rahim,R., Hasan,A., Phadungsombat,J., Hasan,N., Ara,N., Biswas,S.M., Nakayama,E.E., Rahman,M., Shioda,T., Nakayama,E.",2022,2023-06-12,ssRNA(+)
OQ826982,dengue virus type 3,Orthoflavivirus denguei,3,D3-22-02,1479,partial,Bangladesh,Bangladesh,Homo sapiens,blood,"Rahim,R., Hasan,A., Phadungsombat,J., Hasan,N., Ara,N., Biswas,S.M., Nakayama,E.E., Rahman,M., Shioda,T., Nakayama,E.",2022,2023-06-12,ssRNA(+)
OQ826983,dengue virus type 3,Orthoflavivirus denguei,3,D3-22-03,1479,partial,Bangladesh,Bangladesh,Homo sapiens,blood,"Rahim,R., Hasan,A., Phadungsombat,J., Hasan,N., Ara,N., Biswas,S.M., Nakayama,E.E., Rahman,M., Shioda,T., Nakayama,E.",2022,2023-06-12,ssRNA(+)
OQ826984,dengue virus type 3,Orthoflavivirus denguei,3,D3-22-04,1479,partial,Bangladesh,Bangladesh,Homo sapiens,blood,"Rahim,R., Hasan,A., Phadungsombat,J., Hasan,N., Ara,N., Biswas,S.M., Nakayama,E.E., Rahman,M., Shioda,T., Nakayama,E.",2022,2023-06-12,ssRNA(+)
OQ826985,dengue virus type 3,Orthoflavivirus denguei,3,D3-22-05,1479,partial,Bangladesh,Bangladesh,Homo sapiens,blood,"Rahim,R., Hasan,A., Phadungsombat,J., Hasan,N., Ara,N., Biswas,S.M., Nakayama,E.E., Rahman,M., Shioda,T., Nakayama,E.",2022,2023-06-12,ssRNA(+)
OQ826986,dengue virus type 3,Orthoflavivirus denguei,3,D3-22-06,1479,partial,Bangladesh,Bangladesh,Homo sapiens,blood,"Rahim,R., Hasan,A., Phadungsombat,J., Hasan,N., Ara,N., Biswas,S.M., Nakayama,E.E., Rahman,M., Shioda,T., Nakayama,E.",2022,2023-06-12,ssRNA(+)
OQ826987,dengue virus type 3,Orthoflavivirus denguei,3,D3-22-07,1479,partial,Bangladesh,Bangladesh,Homo sapiens,blood,"Rahim,R., Hasan,A., Phadungsombat,J., Hasan,N., Ara,N., Biswas,S.M., Nakayama,E.E., Rahman,M., Shioda,T., Nakayama,E.",2022,2023-06-12,ssRNA(+)
OQ826988,dengue virus type 3,Orthoflavivirus denguei,3,D3-22-08,1479,partial,Bangladesh,Bangladesh,Homo sapiens,blood,"Rahim,R., Hasan,A., Phadungsombat,J., Hasan,N., Ara,N., Biswas,S.M., Nakayama,E.E., Rahman,M., Shioda,T., Nakayama,E.",2022,2023-06-12,ssRNA(+)
OQ826989,dengue virus type 3,Orthoflavivirus denguei,3,D3-22-09,1479,partial,Bangladesh,Bangladesh,Homo sapiens,blood,"Rahim,R., Hasan,A., Phadungsombat,J., Hasan,N., Ara,N., Biswas,S.M., Nakayama,E.E., Rahman,M., Shioda,T., Nakayama,E.",2022,2023-06-12,ssRNA(+)
OQ826990,dengue virus type 3,Orthoflavivirus denguei,3,D3-22-10,1479,partial,Bangladesh,Bangladesh,Homo sapiens,blood,"Rahim,R., Hasan,A., Phadungsombat,J., Hasan,N., Ara,N., Biswas,S.M., Nakayama,E.E., Rahman,M., Shioda,T., Nakayama,E.",2022,2023-06-12,ssRNA(+)
OQ826991,dengue virus type 3,Orthoflavivirus denguei,3,D3-22-11,1479,partial,Bangladesh,Bangladesh,Homo sapiens,blood,"Rahim,R., Hasan,A., Phadungsombat,J., Hasan,N., Ara,N., Biswas,S.M., Nakayama,E.E., Rahman,M., Shioda,T., Nakayama,E.",2022,2023-06-12,ssRNA(+)
OQ826992,dengue virus type 3,Orthoflavivirus denguei,3,D3-22-12,1479,partial,Bangladesh,Bangladesh,Homo sapiens,blood,"Rahim,R., Hasan,A., Phadungsombat,J., Hasan,N., Ara,N., Biswas,S.M., Nakayama,E.E., Rahman,M., Shioda,T., Nakayama,E.",2022,2023-06-12,ssRNA(+)
OQ826993,dengue virus type 3,Orthoflavivirus denguei,3,D3-22-13,1479,partial,Bangladesh,Bangladesh,Homo sapiens,blood,"Rahim,R., Hasan,A., Phadungsombat,J., Hasan,N., Ara,N., Biswas,S.M., Nakayama,E.E., Rahman,M., Shioda,T., Nakayama,E.",2022,2023-06-12,ssRNA(+)
OQ826994,dengue virus type 3,Orthoflavivirus denguei,3,D3-22-14,1479,partial,Bangladesh,Bangladesh,Homo sapiens,blood,"Rahim,R., Hasan,A., Phadungsombat,J., Hasan,N., Ara,N., Biswas,S.M., Nakayama,E.E., Rahman,M., Shioda,T., Nakayama,E.",2022,2023-06-12,ssRNA(+)
OQ826995,dengue virus type 3,Orthoflavivirus denguei,3,D3-22-15,1479,partial,Bangladesh,Bangladesh,Homo sapiens,blood,"Rahim,R., Hasan,A., Phadungsombat,J., Hasan,N., Ara,N., Biswas,S.M., Nakayama,E.E., Rahman,M., Shioda,T., Nakayama,E.",2022,2023-06-12,ssRNA(+)
OQ826996,dengue virus type 3,Orthoflavivirus denguei,3,D3-22-16,1479,partial,Bangladesh,Bangladesh,Homo sapiens,blood,"Rahim,R., Hasan,A., Phadungsombat,J., Hasan,N., Ara,N., Biswas,S.M., Nakayama,E.E., Rahman,M., Shioda,T., Nakayama,E.",2022,2023-06-12,ssRNA(+)
OQ826997,dengue virus type 3,Orthoflavivirus denguei,3,D3-22-17,1479,partial,Bangladesh,Bangladesh,Homo sapiens,blood,"Rahim,R., Hasan,A., Phadungsombat,J., Hasan,N., Ara,N., Biswas,S.M., Nakayama,E.E., Rahman,M., Shioda,T., Nakayama,E.",2022,2023-06-12,ssRNA(+)
OQ826998,dengue virus type 3,Orthoflavivirus denguei,3,D3-22-18,1479,partial,Bangladesh,Bangladesh,Homo sapiens,blood,"Rahim,R., Hasan,A., Phadungsombat,J., Hasan,N., Ara,N., Biswas,S.M., Nakayama,E.E., Rahman,M., Shioda,T., Nakayama,E.",2022,2023-06-12,ssRNA(+)
OQ826999,dengue virus type 3,Orthoflavivirus denguei,3,D3-22-19,1479,partial,Bangladesh,Bangladesh,Homo sapiens,blood,"Rahim,R., Hasan,A., Phadungsombat,J., Hasan,N., Ara,N., Biswas,S.M., Nakayama,E.E., Rahman,M., Shioda,T., Nakayama,E.",2022,2023-06-12,ssRNA(+)
OQ827000,dengue virus type 3,Orthoflavivirus denguei,3,D3-22-20,1479,partial,Bangladesh,Bangladesh,Homo sapiens,blood,"Rahim,R., Hasan,A., Phadungsombat,J., Hasan,N., Ara,N., Biswas,S.M., Nakayama,E.E., Rahman,M., Shioda,T., Nakayama,E.",2022,2023-06-12,ssRNA(+)
OQ827001,dengue virus type 3,Orthoflavivirus denguei,3,D3-22-21,1479,partial,Bangladesh,Bangladesh,Homo sapiens,blood,"Rahim,R., Hasan,A., Phadungsombat,J., Hasan,N., Ara,N., Biswas,S.M., Nakayama,E.E., Rahman,M., Shioda,T., Nakayama,E.",2022,2023-06-12,ssRNA(+)
OQ827002,dengue virus type 3,Orthoflavivirus denguei,3,D3-22-22,1479,partial,Bangladesh,Bangladesh,Homo sapiens,blood,"Rahim,R., Hasan,A., Phadungsombat,J., Hasan,N., Ara,N., Biswas,S.M., Nakayama,E.E., Rahman,M., Shioda,T., Nakayama,E.",2022,2023-06-12,ssRNA(+)
OQ827003,dengue virus type 3,Orthoflavivirus denguei,3,D3-22-23,1479,partial,Bangladesh,Bangladesh,Homo sapiens,blood,"Rahim,R., Hasan,A., Phadungsombat,J., Hasan,N., Ara,N., Biswas,S.M., Nakayama,E.E., Rahman,M., Shioda,T., Nakayama,E.",2022,2023-06-12,ssRNA(+)
OQ827004,dengue virus type 3,Orthoflavivirus denguei,3,D3-22-24,1479,partial,Bangladesh,Bangladesh,Homo sapiens,blood,"Rahim,R., Hasan,A., Phadungsombat,J., Hasan,N., Ara,N., Biswas,S.M., Nakayama,E.E., Rahman,M., Shioda,T., Nakayama,E.",2022,2023-06-12,ssRNA(+)
OQ827005,dengue virus type 3,Orthoflavivirus denguei,3,D3-22-25,1479,partial,Bangladesh,Bangladesh,Homo sapiens,blood,"Rahim,R., Hasan,A., Phadungsombat,J., Hasan,N., Ara,N., Biswas,S.M., Nakayama,E.E., Rahman,M., Shioda,T., Nakayama,E.",2022,2023-06-12,ssRNA(+)
OQ827006,dengue virus type 3,Orthoflavivirus denguei,3,D3-22-26,1479,partial,Bangladesh,Bangladesh,Homo sapiens,blood,"Rahim,R., Hasan,A., Phadungsombat,J., Hasan,N., Ara,N., Biswas,S.M., Nakayama,E.E., Rahman,M., Shioda,T., Nakayama,E.",2022,2023-06-12,ssRNA(+)
OQ827007,dengue virus type 3,Orthoflavivirus denguei,3,D3-22-27,1479,partial,Bangladesh,Bangladesh,Homo sapiens,blood,"Rahim,R., Hasan,A., Phadungsombat,J., Hasan,N., Ara,N., Biswas,S.M., Nakayama,E.E., Rahman,M., Shioda,T., Nakayama,E.",2022,2023-06-12,ssRNA(+)
OQ827008,dengue virus type 3,Orthoflavivirus denguei,3,D3-22-28,1479,partial,Bangladesh,Bangladesh,Homo sapiens,blood,"Rahim,R., Hasan,A., Phadungsombat,J., Hasan,N., Ara,N., Biswas,S.M., Nakayama,E.E., Rahman,M., Shioda,T., Nakayama,E.",2022,2023-06-12,ssRNA(+)
OQ827009,dengue virus type 3,Orthoflavivirus denguei,3,D3-22-29,1479,partial,Bangladesh,Bangladesh,Homo sapiens,blood,"Rahim,R., Hasan,A., Phadungsombat,J., Hasan,N., Ara,N., Biswas,S.M., Nakayama,E.E., Rahman,M., Shioda,T., Nakayama,E.",2022,2023-06-12,ssRNA(+)
OQ827010,dengue virus type 3,Orthoflavivirus denguei,3,D3-22-30,1479,partial,Bangladesh,Bangladesh,Homo sapiens,blood,"Rahim,R., Hasan,A., Phadungsombat,J., Hasan,N., Ara,N., Biswas,S.M., Nakayama,E.E., Rahman,M., Shioda,T., Nakayama,E.",2022,2023-06-12,ssRNA(+)
OQ827011,dengue virus type 3,Orthoflavivirus denguei,3,D3-22-31,1479,partial,Bangladesh,Bangladesh,Homo sapiens,blood,"Rahim,R., Hasan,A., Phadungsombat,J., Hasan,N., Ara,N., Biswas,S.M., Nakayama,E.E., Rahman,M., Shioda,T., Nakayama,E.",2022,2023-06-12,ssRNA(+)
OQ827012,dengue virus type 3,Orthoflavivirus denguei,3,D3-22-32,1479,partial,Bangladesh,Bangladesh,Homo sapiens,blood,"Rahim,R., Hasan,A., Phadungsombat,J., Hasan,N., Ara,N., Biswas,S.M., Nakayama,E.E., Rahman,M., Shioda,T., Nakayama,E.",2022,2023-06-12,ssRNA(+)
OQ827013,dengue virus type 3,Orthoflavivirus denguei,3,D3-22-33,1479,partial,Bangladesh,Bangladesh,Homo sapiens,blood,"Rahim,R., Hasan,A., Phadungsombat,J., Hasan,N., Ara,N., Biswas,S.M., Nakayama,E.E., Rahman,M., Shioda,T., Nakayama,E.",2022,2023-06-12,ssRNA(+)
OQ827014,dengue virus type 3,Orthoflavivirus denguei,3,D3-22-34,1479,partial,Bangladesh,Bangladesh,Homo sapiens,blood,"Rahim,R., Hasan,A., Phadungsombat,J., Hasan,N., Ara,N., Biswas,S.M., Nakayama,E.E., Rahman,M., Shioda,T., Nakayama,E.",2022,2023-06-12,ssRNA(+)
OQ827015,dengue virus type 3,Orthoflavivirus denguei,3,D3-22-35,1479,partial,Bangladesh,Bangladesh,Homo sapiens,blood,"Rahim,R., Hasan,A., Phadungsombat,J., Hasan,N., Ara,N., Biswas,S.M., Nakayama,E.E., Rahman,M., Shioda,T., Nakayama,E.",2022,2023-06-12,ssRNA(+)
OQ827016,dengue virus type 3,Orthoflavivirus denguei,3,D3-22-36,1479,partial,Bangladesh,Bangladesh,Homo sapiens,blood,"Rahim,R., Hasan,A., Phadungsombat,J., Hasan,N., Ara,N., Biswas,S.M., Nakayama,E.E., Rahman,M., Shioda,T., Nakayama,E.",2022,2023-06-12,ssRNA(+)
OQ827017,dengue virus type 3,Orthoflavivirus denguei,3,D3-22-37,1479,partial,Bangladesh,Bangladesh,Homo sapiens,blood,"Rahim,R., Hasan,A., Phadungsombat,J., Hasan,N., Ara,N., Biswas,S.M., Nakayama,E.E., Rahman,M., Shioda,T., Nakayama,E.",2022,2023-06-12,ssRNA(+)
OQ827018,dengue virus type 3,Orthoflavivirus denguei,3,D3-22-38,1479,partial,Bangladesh,Bangladesh,Homo sapiens,blood,"Rahim,R., Hasan,A., Phadungsombat,J., Hasan,N., Ara,N., Biswas,S.M., Nakayama,E.E., Rahman,M., Shioda,T., Nakayama,E.",2022,2023-06-12,ssRNA(+)
OQ827019,dengue virus type 3,Orthoflavivirus denguei,3,D3-22-39,1479,partial,Bangladesh,Bangladesh,Homo sapiens,blood,"Rahim,R., Hasan,A., Phadungsombat,J., Hasan,N., Ara,N., Biswas,S.M., Nakayama,E.E., Rahman,M., Shioda,T., Nakayama,E.",2022,2023-06-12,ssRNA(+)
OQ520872,dengue virus type 1,Orthoflavivirus denguei,1,DEN-Dhaka E6,395,partial,Bangladesh,Bangladesh,Homo sapiens,blood,"Jahan,A., Shyamal,K., Aung,M.S., Kobayashi,N.",2021-09-30,2023-03-04,ssRNA(+)
OQ520873,dengue virus type 1,Orthoflavivirus denguei,1,DEN-Dhaka E8,414,partial,Bangladesh,Bangladesh,Homo sapiens,blood,"Jahan,A., Shyamal,K., Aung,M.S., Kobayashi,N.",2021-09-30,2023-03-04,ssRNA(+)
OQ520874,dengue virus type 1,Orthoflavivirus denguei,1,DEN-Dhaka E9,414,partial,Bangladesh,Bangladesh,Homo sapiens,blood,"Jahan,A., Shyamal,K., Aung,M.S., Kobayashi,N.",2021-09-30,2023-03-04,ssRNA(+)
OQ520875,dengue virus type 1,Orthoflavivirus denguei,1,DEN-Dhaka E16,430,partial,Bangladesh,Bangladesh,Homo sapiens,blood,"Jahan,A., Shyamal,K., Aung,M.S., Kobayashi,N.",2021-11-30,2023-03-04,ssRNA(+)
OQ520876,dengue virus type 1,Orthoflavivirus denguei,1,DEN-Dhaka E49,430,partial,Bangladesh,Bangladesh,Homo sapiens,blood,"Jahan,A., Shyamal,K., Aung,M.S., Kobayashi,N.",2021-11-30,2023-03-04,ssRNA(+)
OQ519654,dengue virus type 1,Orthoflavivirus denguei,1,DEN-Dhaka E6,1479,partial,Bangladesh,Bangladesh,Homo sapiens,blood,"Jahan,A., Shyamal,K., Aung,M.S., Kobayashi,N.",2021-09-30,2023-03-03,ssRNA(+)
OQ519655,dengue virus type 1,Orthoflavivirus denguei,1,DEN-Dhaka E8,1479,partial,Bangladesh,Bangladesh,Homo sapiens,blood,"Jahan,A., Shyamal,K., Aung,M.S., Kobayashi,N.",2021-09-30,2023-03-03,ssRNA(+)
OQ519656,dengue virus type 1,Orthoflavivirus denguei,1,DEN-Dhaka E9,1479,partial,Bangladesh,Bangladesh,Homo sapiens,blood,"Jahan,A., Shyamal,K., Aung,M.S., Kobayashi,N.",2021-09-30,2023-03-03,ssRNA(+)
OQ519657,dengue virus type 1,Orthoflavivirus denguei,1,DEN-Dhaka E16,1479,partial,Bangladesh,Bangladesh,Homo sapiens,blood,"Jahan,A., Shyamal,K., Aung,M.S., Kobayashi,N.",2021-11-30,2023-03-03,ssRNA(+)
OQ519658,dengue virus type 1,Orthoflavivirus denguei,1,DEN-Dhaka E19,1479,partial,Bangladesh,Bangladesh,Homo sapiens,blood,"Jahan,A., Shyamal,K., Aung,M.S., Kobayashi,N.",2021-11-30,2023-03-03,ssRNA(+)
OQ519659,dengue virus type 1,Orthoflavivirus denguei,1,DEN-Dhaka E44,1479,partial,Bangladesh,Bangladesh,Homo sapiens,blood,"Jahan,A., Shyamal,K., Aung,M.S., Kobayashi,N.",2021-11-30,2023-03-03,ssRNA(+)
OQ519660,dengue virus type 1,Orthoflavivirus denguei,1,DEN-Dhaka E49,1479,partial,Bangladesh,Bangladesh,Homo sapiens,blood,"Jahan,A., Shyamal,K., Aung,M.S., Kobayashi,N.",2021-11-30,2023-03-03,ssRNA(+)
OQ519661,dengue virus type 1,Orthoflavivirus denguei,1,DEN-Dhaka E50,1479,partial,Bangladesh,Bangladesh,Homo sapiens,blood,"Jahan,A., Shyamal,K., Aung,M.S., Kobayashi,N.",2021-11-30,2023-03-03,ssRNA(+)
OQ519662,dengue virus type 1,Orthoflavivirus denguei,1,DEN-Dhaka E304,1479,partial,Bangladesh,Bangladesh,Homo sapiens,blood,"Jahan,A., Shyamal,K., Aung,M.S., Kobayashi,N.",2021-08-31,2023-03-03,ssRNA(+)
OQ519663,dengue virus type 1,Orthoflavivirus denguei,1,DEN-Dhaka E305,1479,partial,Bangladesh,Bangladesh,Homo sapiens,blood,"Jahan,A., Shyamal,K., Aung,M.S., Kobayashi,N.",2021-08-31,2023-03-03,ssRNA(+)
OQ519664,dengue virus type 1,Orthoflavivirus denguei,1,DEN-Dhaka E315,1479,partial,Bangladesh,Bangladesh,Homo sapiens,blood,"Jahan,A., Shyamal,K., Aung,M.S., Kobayashi,N.",2021-08-31,2023-03-03,ssRNA(+)
OQ519665,dengue virus type 1,Orthoflavivirus denguei,1,DEN-Dhaka E348,1479,partial,Bangladesh,Bangladesh,Homo sapiens,blood,"Jahan,A., Shyamal,K., Aung,M.S., Kobayashi,N.",2021-09-30,2023-03-03,ssRNA(+)
OQ519666,dengue virus type 1,Orthoflavivirus denguei,1,DEN-Dhaka E357,1479,partial,Bangladesh,Bangladesh,Homo sapiens,blood,"Jahan,A., Shyamal,K., Aung,M.S., Kobayashi,N.",2021-09-30,2023-03-03,ssRNA(+)
OQ519667,dengue virus type 1,Orthoflavivirus denguei,1,DEN-Dhaka E386,1479,partial,Bangladesh,Bangladesh,Homo sapiens,blood,"Jahan,A., Shyamal,K., Aung,M.S., Kobayashi,N.",2021-10-31,2023-03-03,ssRNA(+)
OQ519668,dengue virus type 1,Orthoflavivirus denguei,1,DEN-Dhaka E388,1479,partial,Bangladesh,Bangladesh,Homo sapiens,blood,"Jahan,A., Shyamal,K., Aung,M.S., Kobayashi,N.",2021-10-31,2023-03-03,ssRNA(+)
OQ519669,dengue virus type 1,Orthoflavivirus denguei,1,DEN-Dhaka E389,1479,partial,Bangladesh,Bangladesh,Homo sapiens,blood,"Jahan,A., Shyamal,K., Aung,M.S., Kobayashi,N.",2021-10-31,2023-03-03,ssRNA(+)
OQ519670,dengue virus type 1,Orthoflavivirus denguei,1,DEN-Dhaka E405,1479,partial,Bangladesh,Bangladesh,Homo sapiens,blood,"Jahan,A., Shyamal,K., Aung,M.S., Kobayashi,N.",2021-10-31,2023-03-03,ssRNA(+)
ON103302,dengue virus type 3,Orthoflavivirus denguei,1,,10707,complete,Bangladesh,Bangladesh,Homo sapiens,blood,"Sarkar,M.M., Rabbi,M.F., Akter,S., Islam,M.S., Banu,T.A., Jahan,I., Miah,M.I., Goswami,B., Habib,M.A., Akhteruzzaman,S., Shaikh,M.A., Rubaiya,A., Ilias,M., Khan,M.S.",2021-08,2022-11-15,ssRNA(+)
ON103303,dengue virus type 1,Orthoflavivirus denguei,1,BCSIR-IBS-D1,10661,partial,Bangladesh,Bangladesh,Homo sapiens,blood,"Sarkar,M.M., Rabbi,M.F., Akter,S., Islam,M.S., Banu,T.A., Jahan,I., Miah,M.I., Goswami,B., Habib,M.A., Akhteruzzaman,S., Shaikh,M.A., Rubaiya,A., Ilias,M., Khan,M.S.",2021-08,2022-11-15,ssRNA(+)
ON103390,dengue virus type 3,Orthoflavivirus denguei,1,,10707,complete,Bangladesh,Bangladesh,Homo sapiens,blood,"Sarkar,M.M., Islam,M.S., Miah,M.I., Akter,S., Banu,T.A., Goswami,B., Jahan,I., Habib,M.A., Shaikh,M.A., Rubaiya,A., Ilias,M., Khan,M.S.",2021-08,2022-11-15,ssRNA(+)
ON103391,dengue virus type 1,Orthoflavivirus denguei,1,BCSIR-IBS-D2,10668,partial,Bangladesh,Bangladesh,Homo sapiens,blood,"Sarkar,M.M., Islam,M.S., Miah,M.I., Akter,S., Banu,T.A., Goswami,B., Jahan,I., Habib,M.A., Shaikh,M.A., Rubaiya,A., Ilias,M., Khan,M.S.",2021-08,2022-11-15,ssRNA(+)
ON111445,dengue virus type 3,Orthoflavivirus denguei,1,,10707,complete,Bangladesh,Bangladesh,Homo sapiens,blood,"Sarkar,M.M., Islam,M.S., Miah,M.I., Akter,S., Banu,T.A., Goswami,B., Jahan,I., Habib,M.A., Shaikh,M.A., Rubaiya,A., Ilias,M., Khan,M.S.",2021-08,2022-11-15,ssRNA(+)
ON111446,dengue virus type 1,Orthoflavivirus denguei,1,BCSIR-IBS-D3,10651,partial,Bangladesh,Bangladesh,Homo sapiens,blood,"Sarkar,M.M., Islam,M.S., Miah,M.I., Akter,S., Banu,T.A., Goswami,B., Jahan,I., Habib,M.A., Shaikh,M.A., Rubaiya,A., Ilias,M., Khan,M.S.",2021-08,2022-11-15,ssRNA(+)
ON115021,dengue virus type 3,Orthoflavivirus denguei,1,,10707,complete,Bangladesh,Bangladesh,Homo sapiens,blood,"Sarkar,M.M., Islam,M.S., Miah,M.I., Akter,S., Banu,T.A., Goswami,B., Jahan,I., Habib,M.A., Shaikh,M.A., Rubaiya,A., Ilias,M., Khan,M.S.",2021-08,2022-11-15,ssRNA(+)
ON115022,dengue virus type 1,Orthoflavivirus denguei,1,BCSIR-IBS-D4,10652,partial,Bangladesh,Bangladesh,Homo sapiens,blood,"Sarkar,M.M., Islam,M.S., Miah,M.I., Akter,S., Banu,T.A., Goswami,B., Jahan,I., Habib,M.A., Shaikh,M.A., Rubaiya,A., Ilias,M., Khan,M.S.",2021-08,2022-11-15,ssRNA(+)
ON115023,dengue virus type 3,Orthoflavivirus denguei,1,,10707,complete,Bangladesh,Bangladesh,Homo sapiens,blood,"Sarkar,M.M., Islam,M.S., Miah,M.I., Akter,S., Banu,T.A., Goswami,B., Jahan,I., Habib,M.A., Shaikh,M.A., Rubaiya,A., Ilias,M., Khan,M.S.",2021-08,2022-11-15,ssRNA(+)
ON115024,dengue virus type 1,Orthoflavivirus denguei,1,BCSIR-IBS-D5,10652,partial,Bangladesh,Bangladesh,Homo sapiens,blood,"Sarkar,M.M., Islam,M.S., Miah,M.I., Akter,S., Banu,T.A., Goswami,B., Jahan,I., Habib,M.A., Shaikh,M.A., Rubaiya,A., Ilias,M., Khan,M.S.",2021-08,2022-11-15,ssRNA(+)
ON115025,dengue virus type 3,Orthoflavivirus denguei,1,,10707,complete,Bangladesh,Bangladesh,Homo sapiens,blood,"Sarkar,M.M., Islam,M.S., Miah,M.I., Akter,S., Banu,T.A., Goswami,B., Jahan,I., Habib,M.A., Shaikh,M.A., Rubaiya,A., Ilias,M., Khan,M.S.",2021-08,2022-11-15,ssRNA(+)
ON115026,dengue virus type 1,Orthoflavivirus denguei,1,BCSIR-IBS-D6,10649,partial,Bangladesh,Bangladesh,Homo sapiens,blood,"Sarkar,M.M., Islam,M.S., Miah,M.I., Akter,S., Banu,T.A., Goswami,B., Jahan,I., Habib,M.A., Shaikh,M.A., Rubaiya,A., Ilias,M., Khan,M.S.",2021-08,2022-11-15,ssRNA(+)
ON115029,dengue virus type 3,Orthoflavivirus denguei,1,,10707,complete,Bangladesh,Bangladesh,Homo sapiens,blood,"Sarkar,M.M., Islam,M.S., Miah,M.I., Akter,S., Banu,T.A., Goswami,B., Jahan,I., Habib,M.A., Shaikh,M.A., Rubaiya,A., Ilias,M., Khan,M.S.",2021-08,2022-11-15,ssRNA(+)
ON115030,dengue virus type 1,Orthoflavivirus denguei,1,BCSIR-IBS-D7,10669,partial,Bangladesh,Bangladesh,Homo sapiens,blood,"Sarkar,M.M., Islam,M.S., Miah,M.I., Akter,S., Banu,T.A., Goswami,B., Jahan,I., Habib,M.A., Shaikh,M.A., Rubaiya,A., Ilias,M., Khan,M.S.",2021-08,2022-11-15,ssRNA(+)
ON115182,dengue virus type 3,Orthoflavivirus denguei,1,,10707,complete,Bangladesh,Bangladesh,Homo sapiens,blood,"Sarkar,M.M., Islam,M.S., Miah,M.I., Akter,S., Banu,T.A., Goswami,B., Jahan,I., Habib,M.A., Shaikh,M.A., Rubaiya,A., Ilias,M., Khan,M.S.",2021-08,2022-11-15,ssRNA(+)
ON115183,dengue virus type 1,Orthoflavivirus denguei,1,BCSIR-IBS-D8,10667,partial,Bangladesh,Bangladesh,Homo sapiens,blood,"Sarkar,M.M., Islam,M.S., Miah,M.I., Akter,S., Banu,T.A., Goswami,B., Jahan,I., Habib,M.A., Shaikh,M.A., Rubaiya,A., Ilias,M., Khan,M.S.",2021-08,2022-11-15,ssRNA(+)
ON115811,dengue virus type 3,Orthoflavivirus denguei,1,,10707,complete,Bangladesh,Bangladesh,Homo sapiens,blood,"Sarkar,M.M., Islam,M.S., Miah,M.I., Akter,S., Banu,T.A., Goswami,B., Jahan,I., Habib,M.A., Shaikh,M.A., Rubaiya,A., Ilias,M., Khan,M.S.",2021-08,2022-11-15,ssRNA(+)
ON115812,dengue virus type 1,Orthoflavivirus denguei,1,BCSIR-IBS-D9,10637,partial,Bangladesh,Bangladesh,Homo sapiens,blood,"Sarkar,M.M., Islam,M.S., Miah,M.I., Akter,S., Banu,T.A., Goswami,B., Jahan,I., Habib,M.A., Shaikh,M.A., Rubaiya,A., Ilias,M., Khan,M.S.",2021-08,2022-11-15,ssRNA(+)
ON115814,dengue virus type 3,Orthoflavivirus denguei,1,,10707,complete,Bangladesh,Bangladesh,Homo sapiens,blood,"Sarkar,M.M., Islam,M.S., Miah,M.I., Akter,S., Banu,T.A., Goswami,B., Jahan,I., Habib,M.A., Shaikh,M.A., Rubaiya,A., Ilias,M., Khan,M.S.",2021-08,2022-11-15,ssRNA(+)
ON115815,dengue virus type 1,Orthoflavivirus denguei,1,BCSIR-IBS-D10,10663,partial,Bangladesh,Bangladesh,Homo sapiens,blood,"Sarkar,M.M., Islam,M.S., Miah,M.I., Akter,S., Banu,T.A., Goswami,B., Jahan,I., Habib,M.A., Shaikh,M.A., Rubaiya,A., Ilias,M., Khan,M.S.",2021-08,2022-11-15,ssRNA(+)
ON115816,dengue virus type 3,Orthoflavivirus denguei,1,,10707,complete,Bangladesh,Bangladesh,Homo sapiens,blood,"Sarkar,M.M., Islam,M.S., Miah,M.I., Akter,S., Banu,T.A., Goswami,B., Jahan,I., Habib,M.A., Shaikh,M.A., Rubaiya,A., Ilias,M., Khan,M.S.",2021-08,2022-11-15,ssRNA(+)
ON115817,dengue virus type 1,Orthoflavivirus denguei,1,BCSIR-IBS-D11,10354,partial,Bangladesh,Bangladesh,Homo sapiens,blood,"Sarkar,M.M., Islam,M.S., Miah,M.I., Akter,S., Banu,T.A., Goswami,B., Jahan,I., Habib,M.A., Shaikh,M.A., Rubaiya,A., Ilias,M., Khan,M.S.",2021-08,2022-11-15,ssRNA(+)
ON115818,dengue virus type 3,Orthoflavivirus denguei,1,,10707,complete,Bangladesh,Bangladesh,Homo sapiens,blood,"Sarkar,M.M., Islam,M.S., Miah,M.I., Akter,S., Banu,T.A., Goswami,B., Jahan,I., Habib,M.A., Shaikh,M.A., Rubaiya,A., Ilias,M., Khan,M.S.",2021-08,2022-11-15,ssRNA(+)
ON115819,dengue virus type 1,Orthoflavivirus denguei,1,BCSIR-IBS-D12,10650,partial,Bangladesh,Bangladesh,Homo sapiens,blood,"Sarkar,M.M., Islam,M.S., Miah,M.I., Akter,S., Banu,T.A., Goswami,B., Jahan,I., Habib,M.A., Shaikh,M.A., Rubaiya,A., Ilias,M., Khan,M.S.",2021-08,2022-11-15,ssRNA(+)
ON116129,dengue virus type 3,Orthoflavivirus denguei,1,,10707,complete,Bangladesh,Bangladesh,Homo sapiens,blood,"Sarkar,M.M., Islam,M.S., Miah,M.I., Akter,S., Banu,T.A., Goswami,B., Jahan,I., Habib,M.A., Shaikh,M.A., Rubaiya,A., Ilias,M., Khan,M.S.",2021-08,2022-11-15,ssRNA(+)
ON116130,dengue virus type 1,Orthoflavivirus denguei,1,BCSIR-IBS-D13,10348,partial,Bangladesh,Bangladesh,Homo sapiens,blood,"Sarkar,M.M., Islam,M.S., Miah,M.I., Akter,S., Banu,T.A., Goswami,B., Jahan,I., Habib,M.A., Shaikh,M.A., Rubaiya,A., Ilias,M., Khan,M.S.",2021-08,2022-11-15,ssRNA(+)
ON127418,dengue virus type 3,Orthoflavivirus denguei,1,,10707,complete,Bangladesh,Bangladesh,Homo sapiens,blood,"Sarkar,M.M., Islam,M.S., Miah,M.I., Akter,S., Banu,T.A., Goswami,B., Jahan,I., Habib,M.A., Shaikh,M.A., Rubaiya,A., Ilias,M., Khan,M.S.",2021-08,2022-11-15,ssRNA(+)
ON127419,dengue virus type 1,Orthoflavivirus denguei,1,BCSIR-IBS-D14,10655,partial,Bangladesh,Bangladesh,Homo sapiens,blood,"Sarkar,M.M., Islam,M.S., Miah,M.I., Akter,S., Banu,T.A., Goswami,B., Jahan,I., Habib,M.A., Shaikh,M.A., Rubaiya,A., Ilias,M., Khan,M.S.",2021-08,2022-11-15,ssRNA(+)
ON127533,dengue virus type 3,Orthoflavivirus denguei,1,,10707,complete,Bangladesh,Bangladesh,Homo sapiens,blood,"Sarkar,M.M., Islam,M.S., Miah,M.I., Akter,S., Banu,T.A., Goswami,B., Jahan,I., Habib,M.A., Shaikh,M.A., Rubaiya,A., Ilias,M., Khan,M.S.",2021-08,2022-11-15,ssRNA(+)
ON127534,dengue virus type 1,Orthoflavivirus denguei,1,strain_1,10654,partial,Bangladesh,Bangladesh,Homo sapiens,blood,"Sarkar,M.M., Islam,M.S., Miah,M.I., Akter,S., Banu,T.A., Goswami,B., Jahan,I., Habib,M.A., Shaikh,M.A., Rubaiya,A., Ilias,M., Khan,M.S.",2021-08,2022-11-15,ssRNA(+)
ON127537,dengue virus type 3,Orthoflavivirus denguei,1,,10707,complete,Bangladesh,Bangladesh,Homo sapiens,blood,"Sarkar,M.M., Islam,M.S., Miah,M.I., Akter,S., Banu,T.A., Goswami,B., Jahan,I., Habib,M.A., Shaikh,M.A., Rubaiya,A., Ilias,M., Khan,M.S.",2021-08,2022-11-15,ssRNA(+)
ON127538,dengue virus type 1,Orthoflavivirus denguei,1,BCSIR-IBS-D17,10642,partial,Bangladesh,Bangladesh,Homo sapiens,blood,"Sarkar,M.M., Islam,M.S., Miah,M.I., Akter,S., Banu,T.A., Goswami,B., Jahan,I., Habib,M.A., Shaikh,M.A., Rubaiya,A., Ilias,M., Khan,M.S.",2021-08,2022-11-15,ssRNA(+)
ON127550,dengue virus type 3,Orthoflavivirus denguei,1,,10707,complete,Bangladesh,Bangladesh,Homo sapiens,blood,"Sarkar,M.M., Islam,M.S., Miah,M.I., Akter,S., Banu,T.A., Goswami,B., Jahan,I., Habib,M.A., Shaikh,M.A., Rubaiya,A., Ilias,M., Khan,M.S.",2021-08,2022-11-15,ssRNA(+)
ON127551,dengue virus type 1,Orthoflavivirus denguei,1,BCSIR-IBS-D18,10649,partial,Bangladesh,Bangladesh,Homo sapiens,blood,"Sarkar,M.M., Islam,M.S., Miah,M.I., Akter,S., Banu,T.A., Goswami,B., Jahan,I., Habib,M.A., Shaikh,M.A., Rubaiya,A., Ilias,M., Khan,M.S.",2021-08,2022-11-15,ssRNA(+)
ON127552,dengue virus type 3,Orthoflavivirus denguei,1,,10707,complete,Bangladesh,Bangladesh,Homo sapiens,blood,"Sarkar,M.M., Islam,M.S., Miah,M.I., Akter,S., Banu,T.A., Goswami,B., Jahan,I., Habib,M.A., Shaikh,M.A., Rubaiya,A., Ilias,M., Khan,M.S.",2021-08,2022-11-15,ssRNA(+)
ON127553,dengue virus type 1,Orthoflavivirus denguei,1,BCSIR-IBS-D19,10465,partial,Bangladesh,Bangladesh,Homo sapiens,blood,"Sarkar,M.M., Islam,M.S., Miah,M.I., Akter,S., Banu,T.A., Goswami,B., Jahan,I., Habib,M.A., Shaikh,M.A., Rubaiya,A., Ilias,M., Khan,M.S.",2021-08,2022-11-15,ssRNA(+)
OP741243,dengue virus type 1,Orthoflavivirus denguei,1,05,10602,partial,Bangladesh: Dhaka,Bangladesh,Homo sapiens,blood,"Rahman,M., Sarker,M.M.H., Khan,S.",2021-10,2022-11-05,ssRNA(+)
OP741244,dengue virus type 1,Orthoflavivirus denguei,1,D20,10610,partial,Bangladesh: Dhaka,Bangladesh,Homo sapiens,blood,"Rahman,M.S., Sarker,M.M.H., Khan,S.",2021-10,2022-11-05,ssRNA(+)
OP740753,dengue virus type 1,Orthoflavivirus denguei,1,D16,10645,partial,Bangladesh: Dhaka,Bangladesh,Homo sapiens,blood,"Rahman,M.S., Sarker,M.M.H., Khan,S.",2021-10,2022-11-04,ssRNA(+)
ON907583,dengue virus type 3,Orthoflavivirus denguei,3,19XN14065_D3_BGD,10606,partial,Bangladesh,Bangladesh,Homo sapiens,blood,"Su,W., Cao,Y., Lu,W.",2019-06-07,2022-07-07,ssRNA(+)
ON908231,dengue virus type 3,Orthoflavivirus denguei,3,19XN13542,10641,partial,Bangladesh,Bangladesh,Homo sapiens,blood,"Su,W., Jiang,L., Lu,W., Cao,Y.",2019-06-10,2022-07-07,ssRNA(+)
ON908235,dengue virus type 3,Orthoflavivirus denguei,3,19XN14065,10641,partial,Bangladesh,Bangladesh,Homo sapiens,blood,"Su,W., Jiang,L., Lu,W., Cao,Y.",2019-06-07,2022-07-07,ssRNA(+)
MT125021,dengue virus type 3,Orthoflavivirus denguei,,PREDICT_BDAH0026,232,partial,Bangladesh,Bangladesh,Homo sapiens,blood,,2017-10-25,2022-05-29,ssRNA(+)
MT125022,dengue virus type 3,Orthoflavivirus denguei,,PREDICT_BDAH0026,232,partial,Bangladesh,Bangladesh,Homo sapiens,oronasopharynx,,2017-10-25,2022-05-29,ssRNA(+)
MT125046,dengue virus type 2,Orthoflavivirus denguei,,PREDICT_BDAH1071,232,partial,Bangladesh,Bangladesh,Homo sapiens,blood,,2018-10-06,2022-05-29,ssRNA(+)
MT125047,dengue virus type 2,Orthoflavivirus denguei,,PREDICT_BDAH1075,232,partial,Bangladesh,Bangladesh,Homo sapiens,blood,,2018-10-08,2022-05-29,ssRNA(+)
MT125048,dengue virus type 2,Orthoflavivirus denguei,,PREDICT_BDAH1127,208,partial,Bangladesh,Bangladesh,Homo sapiens,blood,,2018-11-06,2022-05-29,ssRNA(+)
MT125049,dengue virus type 2,Orthoflavivirus denguei,,PREDICT_BDAH1002,232,partial,Bangladesh,Bangladesh,Homo sapiens,blood,,2018-08-16,2022-05-29,ssRNA(+)
MT125050,dengue virus type 2,Orthoflavivirus denguei,,PREDICT_BDAH1006,232,partial,Bangladesh,Bangladesh,Homo sapiens,blood,,2018-08-27,2022-05-29,ssRNA(+)
MT125051,dengue virus type 2,Orthoflavivirus denguei,,PREDICT_BDAH0687,232,partial,Bangladesh,Bangladesh,Homo sapiens,blood,,2018-08-07,2022-05-29,ssRNA(+)
MT125052,dengue virus type 3,Orthoflavivirus denguei,,PREDICT_BDAH0689,232,partial,Bangladesh,Bangladesh,Homo sapiens,blood,,2018-08-07,2022-05-29,ssRNA(+)
OK079104,dengue virus type I,Orthoflavivirus denguei,1,BCSIR-05,10602,partial,Bangladesh,Bangladesh,Homo sapiens,blood,"Sarkar,M.M., Rabbi,M.F., Akter,S., Banu,T.A., Goswami,B., Jahan,I., Habib,M.A., Akhteruzzaman,S., Shaikh,M.A., Rubaiya,A., Ilias,M., Khan,M.S.",2020-11-24,2021-09-14,ssRNA(+)
MW599404,Dengue virus type 3,Orthoflavivirus denguei,3,Sylhet02,446,partial,Bangladesh,Bangladesh,Homo sapiens,blood,"Aung,M.S., Titir,S.R., Paul,S.K., Kobayashi,N.",2019-08-10,2021-02-19,ssRNA(+)
MW599405,Dengue virus type 3,Orthoflavivirus denguei,3,Barisal01,446,partial,Bangladesh,Bangladesh,Homo sapiens,blood,"Aung,M.S., Titir,S.R., Paul,S.K., Kobayashi,N.",2019-09-15,2021-02-19,ssRNA(+)
MW599406,Dengue virus type 3,Orthoflavivirus denguei,3,Barisal06,432,partial,Bangladesh,Bangladesh,Homo sapiens,blood,"Aung,M.S., Titir,S.R., Paul,S.K., Kobayashi,N.",2019-10-08,2021-02-19,ssRNA(+)
MW599407,Dengue virus type 3,Orthoflavivirus denguei,3,Chittagong01,446,partial,Bangladesh,Bangladesh,Homo sapiens,blood,"Aung,M.S., Titir,S.R., Paul,S.K., Kobayashi,N.",2019-09-20,2021-02-19,ssRNA(+)
MW599408,Dengue virus type 3,Orthoflavivirus denguei,3,Chittagong05,446,partial,Bangladesh,Bangladesh,Homo sapiens,blood,"Aung,M.S., Titir,S.R., Paul,S.K., Kobayashi,N.",2019-09-09,2021-02-19,ssRNA(+)
MW599409,Dengue virus type 3,Orthoflavivirus denguei,3,Dhaka06,446,partial,Bangladesh,Bangladesh,Homo sapiens,blood,"Aung,M.S., Titir,S.R., Paul,S.K., Kobayashi,N.",2019-08-14,2021-02-19,ssRNA(+)
MW599410,Dengue virus type 3,Orthoflavivirus denguei,3,Dhaka08,446,partial,Bangladesh,Bangladesh,Homo sapiens,blood,"Aung,M.S., Titir,S.R., Paul,S.K., Kobayashi,N.",2019-09-22,2021-02-19,ssRNA(+)
MW599411,Dengue virus type 3,Orthoflavivirus denguei,3,Dhaka14,446,partial,Bangladesh,Bangladesh,Homo sapiens,blood,"Aung,M.S., Titir,S.R., Paul,S.K., Kobayashi,N.",2019-08-17,2021-02-19,ssRNA(+)
MW599412,Dengue virus type 3,Orthoflavivirus denguei,3,Dhaka18,446,partial,Bangladesh,Bangladesh,Homo sapiens,blood,"Aung,M.S., Titir,S.R., Paul,S.K., Kobayashi,N.",2019-09-26,2021-02-19,ssRNA(+)
MW599413,Dengue virus type 3,Orthoflavivirus denguei,3,Kustai01,446,partial,Bangladesh,Bangladesh,Homo sapiens,blood,"Aung,M.S., Titir,S.R., Paul,S.K., Kobayashi,N.",2019-08-23,2021-02-19,ssRNA(+)
MW599414,Dengue virus type 3,Orthoflavivirus denguei,3,Mymensingh02,448,partial,Bangladesh,Bangladesh,Homo sapiens,blood,"Aung,M.S., Titir,S.R., Paul,S.K., Kobayashi,N.",2019-10-06,2021-02-19,ssRNA(+)
MW599415,Dengue virus type 3,Orthoflavivirus denguei,3,Rangpur01,446,partial,Bangladesh,Bangladesh,Homo sapiens,blood,"Aung,M.S., Titir,S.R., Paul,S.K., Kobayashi,N.",2019-10-13,2021-02-19,ssRNA(+)
MW599416,Dengue virus type 3,Orthoflavivirus denguei,3,Rangpur02,446,partial,Bangladesh,Bangladesh,Homo sapiens,blood,"Aung,M.S., Titir,S.R., Paul,S.K., Kobayashi,N.",2019-09-21,2021-02-19,ssRNA(+)
MW599417,Dengue virus type 3,Orthoflavivirus denguei,3,Khulna02,444,partial,Bangladesh,Bangladesh,Homo sapiens,blood,"Aung,M.S., Titir,S.R., Paul,S.K., Kobayashi,N.",2019-09-28,2021-02-19,ssRNA(+)
MW599418,Dengue virus type 3,Orthoflavivirus denguei,3,Dhaka01,447,partial,Bangladesh,Bangladesh,Homo sapiens,blood,"Aung,M.S., Titir,S.R., Paul,S.K., Kobayashi,N.",2019-07-04,2021-02-19,ssRNA(+)
MW599419,Dengue virus type 2,Orthoflavivirus denguei,2,Dhaka04,453,partial,Bangladesh,Bangladesh,Homo sapiens,blood,"Aung,M.S., Titir,S.R., Paul,S.K., Kobayashi,N.",2019-08-15,2021-02-19,ssRNA(+)
MW396462,Dengue virus type 3,Orthoflavivirus denguei,1,IBCHK001,10400,partial,Bangladesh,Bangladesh,Homo sapiens,blood,"Shirin,T., Rahman,A., Hasan,S., Akram,A., Alam,A.A.N., Sultana,S., Hossain,S., Flora,M.S., Hossain,M.M.",2019-07-01,2020-12-27,ssRNA(+)
MW396463,Dengue virus type 3,Orthoflavivirus denguei,1,IBCHK003,10444,partial,Bangladesh,Bangladesh,Homo sapiens,blood,"Shirin,T., Rahman,A., Hasan,S., Akram,A., Alam,A.A.N., Sultana,S., Hossain,S., Flora,M.S., Hossain,M.M.",2019-07-02,2020-12-27,ssRNA(+)
MW396464,Dengue virus type 3,Orthoflavivirus denguei,1,IBCHK038,10680,partial,Bangladesh,Bangladesh,Homo sapiens,blood,"Shirin,T., Rahman,A., Hasan,S., Akram,A., Alam,A.A.N., Sultana,S., Hossain,S., Flora,M.S., Hossain,M.M.",2019-07-03,2020-12-27,ssRNA(+)
MW396465,Dengue virus type 3,Orthoflavivirus denguei,1,IN003,10707,complete,Bangladesh,Bangladesh,Homo sapiens,blood,"Shirin,T., Rahman,A., Hasan,S., Akram,A., Alam,A.A.N., Sultana,S., Hossain,S., Flora,M.S., Hossain,M.M.",2019-07-04,2020-12-27,ssRNA(+)
MW396466,Dengue virus type 3,Orthoflavivirus denguei,1,IN005,10702,partial,Bangladesh,Bangladesh,Homo sapiens,blood,"Shirin,T., Rahman,A., Hasan,S., Akram,A., Alam,A.A.N., Sultana,S., Hossain,S., Flora,M.S., Hossain,M.M.",2019-07-05,2020-12-27,ssRNA(+)
MW396467,Dengue virus type 3,Orthoflavivirus denguei,1,IN038,10444,partial,Bangladesh,Bangladesh,Homo sapiens,blood,"Shirin,T., Rahman,A., Hasan,S., Akram,A., Alam,A.A.N., Sultana,S., Hossain,S., Flora,M.S., Hossain,M.M.",2019-07-06,2020-12-27,ssRNA(+)
MW396468,Dengue virus type 3,Orthoflavivirus denguei,1,IN043,10707,complete,Bangladesh,Bangladesh,Homo sapiens,blood,"Shirin,T., Rahman,A., Hasan,S., Akram,A., Alam,A.A.N., Sultana,S., Hossain,S., Flora,M.S., Hossain,M.M.",2019-07-07,2020-12-27,ssRNA(+)
MW396469,Dengue virus type 3,Orthoflavivirus denguei,1,IN068,10668,partial,Bangladesh,Bangladesh,Homo sapiens,blood,"Shirin,T., Rahman,A., Hasan,S., Akram,A., Alam,A.A.N., Sultana,S., Hossain,S., Flora,M.S., Hossain,M.M.",2019-08-01,2020-12-27,ssRNA(+)
LC436667,dengue virus type I,Orthoflavivirus denguei,1,B17-1387,10673,complete,Bangladesh,Bangladesh,Homo sapiens,,"Suzuki,K., Phadungsombat,J., Nakayama,E.E., Saito,A., Egawa,A., Sato,T., Rahim,R., Hasan,A., Lin,M.Y., Takasaki,T., Rahman,M., Shioda,T.",2017-10,2020-06-03,ssRNA(+)
LC436668,dengue virus type I,Orthoflavivirus denguei,1,B17-1547,10673,complete,Bangladesh,Bangladesh,Homo sapiens,,"Suzuki,K., Phadungsombat,J., Nakayama,E.E., Saito,A., Egawa,A., Sato,T., Rahim,R., Hasan,A., Lin,M.Y., Takasaki,T., Rahman,M., Shioda,T.",2017-11,2020-06-03,ssRNA(+)
LC436669,Dengue virus type 2,Orthoflavivirus denguei,2,B17-1357,10671,complete,Bangladesh,Bangladesh,Homo sapiens,,"Suzuki,K., Phadungsombat,J., Nakayama,E.E., Saito,A., Egawa,A., Sato,T., Rahim,R., Hasan,A., Lin,M.Y., Takasaki,T., Rahman,M., Shioda,T.",2017-10,2020-06-03,ssRNA(+)
LC436670,Dengue virus type 2,Orthoflavivirus denguei,2,B17-1431,10671,complete,Bangladesh,Bangladesh,Homo sapiens,,"Suzuki,K., Phadungsombat,J., Nakayama,E.E., Saito,A., Egawa,A., Sato,T., Rahim,R., Hasan,A., Lin,M.Y., Takasaki,T., Rahman,M., Shioda,T.",2017-10,2020-06-03,ssRNA(+)
LC436671,Dengue virus type 2,Orthoflavivirus denguei,2,B17-1482,10671,complete,Bangladesh,Bangladesh,Homo sapiens,,"Suzuki,K., Phadungsombat,J., Nakayama,E.E., Saito,A., Egawa,A., Sato,T., Rahim,R., Hasan,A., Lin,M.Y., Takasaki,T., Rahman,M., Shioda,T.",2017-10,2020-06-03,ssRNA(+)
LC436672,Dengue virus type 2,Orthoflavivirus denguei,2,B17-1489,10671,complete,Bangladesh,Bangladesh,Homo sapiens,,"Suzuki,K., Phadungsombat,J., Nakayama,E.E., Saito,A., Egawa,A., Sato,T., Rahim,R., Hasan,A., Lin,M.Y., Takasaki,T., Rahman,M., Shioda,T.",2017-10,2020-06-03,ssRNA(+)
LC436673,Dengue virus type 2,Orthoflavivirus denguei,2,B17-1556,10671,complete,Bangladesh,Bangladesh,Homo sapiens,,"Suzuki,K., Phadungsombat,J., Nakayama,E.E., Saito,A., Egawa,A., Sato,T., Rahim,R., Hasan,A., Lin,M.Y., Takasaki,T., Rahman,M., Shioda,T.",2017-11,2020-06-03,ssRNA(+)
LC436674,Dengue virus type 2,Orthoflavivirus denguei,2,B17-1571,10671,complete,Bangladesh,Bangladesh,Homo sapiens,,"Suzuki,K., Phadungsombat,J., Nakayama,E.E., Saito,A., Egawa,A., Sato,T., Rahim,R., Hasan,A., Lin,M.Y., Takasaki,T., Rahman,M., Shioda,T.",2017-11,2020-06-03,ssRNA(+)
LC436675,Dengue virus type 2,Orthoflavivirus denguei,2,B17-1634,10671,complete,Bangladesh,Bangladesh,Homo sapiens,,"Suzuki,K., Phadungsombat,J., Nakayama,E.E., Saito,A., Egawa,A., Sato,T., Rahim,R., Hasan,A., Lin,M.Y., Takasaki,T., Rahman,M., Shioda,T.",2017-12,2020-06-03,ssRNA(+)
LC436676,Dengue virus type 3,Orthoflavivirus denguei,3,B17-1471,10666,complete,Bangladesh,Bangladesh,Homo sapiens,,"Suzuki,K., Phadungsombat,J., Nakayama,E.E., Saito,A., Egawa,A., Sato,T., Rahim,R., Hasan,A., Lin,M.Y., Takasaki,T., Rahman,M., Shioda,T.",2017-10,2020-06-03,ssRNA(+)
LC436677,Dengue virus type 3,Orthoflavivirus denguei,3,B17-1479,10666,complete,Bangladesh,Bangladesh,Homo sapiens,,"Suzuki,K., Phadungsombat,J., Nakayama,E.E., Saito,A., Egawa,A., Sato,T., Rahim,R., Hasan,A., Lin,M.Y., Takasaki,T., Rahman,M., Shioda,T.",2017-10,2020-06-03,ssRNA(+)
MN328061,Dengue virus type 2,Orthoflavivirus denguei,2,CHRF_DenV002,10699,partial,Bangladesh,Bangladesh,Homo sapiens,blood,"Saha,S., Malaker,R., Sajib,M.S.I., Hasanuzzaman,M., DeRisi,J.L., Saha,S.K.",2019-07-29,2019-10-02,ssRNA(+)
MN400313,Dengue virus type 2,Orthoflavivirus denguei,2,MMC14,437,partial,Bangladesh,Bangladesh,Homo sapiens,blood,"Aung,M.S., Ahmed,F.U., Paul,S.K., Kobayashi,N.",2018-10-06,2019-10-02,ssRNA(+)
MN400314,Dengue virus type 2,Orthoflavivirus denguei,2,MMC17,437,partial,Bangladesh,Bangladesh,Homo sapiens,blood,"Aung,M.S., Ahmed,F.U., Paul,S.K., Kobayashi,N.",2018-09-20,2019-10-02,ssRNA(+)
MN400315,Dengue virus type 2,Orthoflavivirus denguei,2,MMC18,443,partial,Bangladesh,Bangladesh,Homo sapiens,blood,"Aung,M.S., Ahmed,F.U., Paul,S.K., Kobayashi,N.",2018-09-15,2019-10-02,ssRNA(+)
MN400316,Dengue virus type 2,Orthoflavivirus denguei,2,MMC23,443,partial,Bangladesh,Bangladesh,Homo sapiens,blood,"Aung,M.S., Ahmed,F.U., Paul,S.K., Kobayashi,N.",2018-09-15,2019-10-02,ssRNA(+)
MN400317,Dengue virus type 2,Orthoflavivirus denguei,2,MMC24,443,partial,Bangladesh,Bangladesh,Homo sapiens,blood,"Aung,M.S., Ahmed,F.U., Paul,S.K., Kobayashi,N.",2018-09-30,2019-10-02,ssRNA(+)
MN400318,Dengue virus type 2,Orthoflavivirus denguei,2,MMC25,443,partial,Bangladesh,Bangladesh,Homo sapiens,blood,"Aung,M.S., Ahmed,F.U., Paul,S.K., Kobayashi,N.",2018-09-29,2019-10-02,ssRNA(+)
MN400319,Dengue virus type 2,Orthoflavivirus denguei,2,MMC27,443,partial,Bangladesh,Bangladesh,Homo sapiens,blood,"Aung,M.S., Ahmed,F.U., Paul,S.K., Kobayashi,N.",2018-10-01,2019-10-02,ssRNA(+)
MN400320,Dengue virus type 2,Orthoflavivirus denguei,2,MMC28,443,partial,Bangladesh,Bangladesh,Homo sapiens,blood,"Aung,M.S., Ahmed,F.U., Paul,S.K., Kobayashi,N.",2018-10-05,2019-10-02,ssRNA(+)
MN400321,Dengue virus type 2,Orthoflavivirus denguei,2,MMC29,443,partial,Bangladesh,Bangladesh,Homo sapiens,blood,"Aung,M.S., Ahmed,F.U., Paul,S.K., Kobayashi,N.",2018-10-03,2019-10-02,ssRNA(+)
MN400322,Dengue virus type 2,Orthoflavivirus denguei,2,MMC31,455,partial,Bangladesh,Bangladesh,Homo sapiens,blood,"Aung,M.S., Ahmed,F.U., Paul,S.K., Kobayashi,N.",2018-09-02,2019-10-02,ssRNA(+)
MN400323,Dengue virus type 2,Orthoflavivirus denguei,2,MMC32,440,partial,Bangladesh,Bangladesh,Homo sapiens,blood,"Aung,M.S., Ahmed,F.U., Paul,S.K., Kobayashi,N.",2018-09-03,2019-10-02,ssRNA(+)
MN400324,Dengue virus type 2,Orthoflavivirus denguei,2,MMC34,440,partial,Bangladesh,Bangladesh,Homo sapiens,blood,"Aung,M.S., Ahmed,F.U., Paul,S.K., Kobayashi,N.",2018-09-05,2019-10-02,ssRNA(+)
MN400325,Dengue virus type 2,Orthoflavivirus denguei,2,MMC37,455,partial,Bangladesh,Bangladesh,Homo sapiens,blood,"Aung,M.S., Ahmed,F.U., Paul,S.K., Kobayashi,N.",2018-10-15,2019-10-02,ssRNA(+)
MN400326,Dengue virus type 3,Orthoflavivirus denguei,3,MMC13,452,partial,Bangladesh,Bangladesh,Homo sapiens,blood,"Aung,M.S., Ahmed,F.U., Paul,S.K., Kobayashi,N.",2018-09-12,2019-10-02,ssRNA(+)
MN400327,Dengue virus type 3,Orthoflavivirus denguei,3,MMC15,440,partial,Bangladesh,Bangladesh,Homo sapiens,blood,"Aung,M.S., Ahmed,F.U., Paul,S.K., Kobayashi,N.",2018-10-28,2019-10-02,ssRNA(+)
MN400328,Dengue virus type 3,Orthoflavivirus denguei,3,MMC16,440,partial,Bangladesh,Bangladesh,Homo sapiens,blood,"Aung,M.S., Ahmed,F.U., Paul,S.K., Kobayashi,N.",2018-09-03,2019-10-02,ssRNA(+)
MN400329,Dengue virus type 3,Orthoflavivirus denguei,3,MMC20,464,partial,Bangladesh,Bangladesh,Homo sapiens,blood,"Aung,M.S., Ahmed,F.U., Paul,S.K., Kobayashi,N.",2018-09-15,2019-10-02,ssRNA(+)
MN400330,Dengue virus type 3,Orthoflavivirus denguei,3,MMC21,455,partial,Bangladesh,Bangladesh,Homo sapiens,blood,"Aung,M.S., Ahmed,F.U., Paul,S.K., Kobayashi,N.",2018-09-18,2019-10-02,ssRNA(+)
MN400331,Dengue virus type 3,Orthoflavivirus denguei,3,MMC30,456,partial,Bangladesh,Bangladesh,Homo sapiens,blood,"Aung,M.S., Ahmed,F.U., Paul,S.K., Kobayashi,N.",2018-10-26,2019-10-02,ssRNA(+)
MN400332,Dengue virus type 3,Orthoflavivirus denguei,3,MMC33,444,partial,Bangladesh,Bangladesh,Homo sapiens,blood,"Aung,M.S., Ahmed,F.U., Paul,S.K., Kobayashi,N.",2018-10-02,2019-10-02,ssRNA(+)
MN400333,Dengue virus type 3,Orthoflavivirus denguei,3,MMC35,443,partial,Bangladesh,Bangladesh,Homo sapiens,blood,"Aung,M.S., Ahmed,F.U., Paul,S.K., Kobayashi,N.",2018-09-16,2019-10-02,ssRNA(+)
MN400334,Dengue virus type 3,Orthoflavivirus denguei,3,MMC36,443,partial,Bangladesh,Bangladesh,Homo sapiens,blood,"Aung,M.S., Ahmed,F.U., Paul,S.K., Kobayashi,N.",2018-10-28,2019-10-02,ssRNA(+)
MN400335,Dengue virus type 3,Orthoflavivirus denguei,3,MMC38,446,partial,Bangladesh,Bangladesh,Homo sapiens,blood,"Aung,M.S., Ahmed,F.U., Paul,S.K., Kobayashi,N.",2018-10-14,2019-10-02,ssRNA(+)
MN400336,Dengue virus type 3,Orthoflavivirus denguei,3,MMC39,443,partial,Bangladesh,Bangladesh,Homo sapiens,blood,"Aung,M.S., Ahmed,F.U., Paul,S.K., Kobayashi,N.",2018-10-04,2019-10-02,ssRNA(+)
LC472306,dengue virus type I,Orthoflavivirus denguei,1,41n-S984,1056,partial,Bangladesh,Bangladesh,Homo sapiens,,"Suzuki,K., Nakayama,E.E., Saito,A., Egawa,A., Sato,T., Phadunsambat,J., Rahim,R., Hasan,A., Iwamoto,H., Rahman,M., Shioda,T., Nakayama,E.",2017,2019-08-20,ssRNA(+)
LC472307,dengue virus type I,Orthoflavivirus denguei,1,43n-S1171,1056,partial,Bangladesh,Bangladesh,Homo sapiens,,"Suzuki,K., Nakayama,E.E., Saito,A., Egawa,A., Sato,T., Phadunsambat,J., Rahim,R., Hasan,A., Iwamoto,H., Rahman,M., Shioda,T., Nakayama,E.",2017,2019-08-20,ssRNA(+)
LC472308,dengue virus type I,Orthoflavivirus denguei,1,44n-S1177,1056,partial,Bangladesh,Bangladesh,Homo sapiens,,"Suzuki,K., Nakayama,E.E., Saito,A., Egawa,A., Sato,T., Phadunsambat,J., Rahim,R., Hasan,A., Iwamoto,H., Rahman,M., Shioda,T., Nakayama,E.",2017,2019-08-20,ssRNA(+)
LC472309,dengue virus type I,Orthoflavivirus denguei,1,45n-S1190,1056,partial,Bangladesh,Bangladesh,Homo sapiens,,"Suzuki,K., Nakayama,E.E., Saito,A., Egawa,A., Sato,T., Phadunsambat,J., Rahim,R., Hasan,A., Iwamoto,H., Rahman,M., Shioda,T., Nakayama,E.",2017,2019-08-20,ssRNA(+)
LC472310,dengue virus type I,Orthoflavivirus denguei,1,46n-S1387,1056,partial,Bangladesh,Bangladesh,Homo sapiens,,"Suzuki,K., Nakayama,E.E., Saito,A., Egawa,A., Sato,T., Phadunsambat,J., Rahim,R., Hasan,A., Iwamoto,H., Rahman,M., Shioda,T., Nakayama,E.",2017,2019-08-20,ssRNA(+)
LC472311,dengue virus type I,Orthoflavivirus denguei,1,47n-S1524,1056,partial,Bangladesh,Bangladesh,Homo sapiens,,"Suzuki,K., Nakayama,E.E., Saito,A., Egawa,A., Sato,T., Phadunsambat,J., Rahim,R., Hasan,A., Iwamoto,H., Rahman,M., Shioda,T., Nakayama,E.",2017,2019-08-20,ssRNA(+)
LC472312,dengue virus type I,Orthoflavivirus denguei,1,48n-S1547,1056,partial,Bangladesh,Bangladesh,Homo sapiens,,"Suzuki,K., Nakayama,E.E., Saito,A., Egawa,A., Sato,T., Phadunsambat,J., Rahim,R., Hasan,A., Iwamoto,H., Rahman,M., Shioda,T., Nakayama,E.",2017,2019-08-20,ssRNA(+)
LC472313,Dengue virus type 2,Orthoflavivirus denguei,2,2n-S1565,1056,partial,Bangladesh,Bangladesh,Homo sapiens,,"Suzuki,K., Nakayama,E.E., Saito,A., Egawa,A., Sato,T., Phadunsambat,J., Rahim,R., Hasan,A., Iwamoto,H., Rahman,M., Shioda,T., Nakayama,E.",2017,2019-08-20,ssRNA(+)
LC472314,Dengue virus type 2,Orthoflavivirus denguei,2,4n-S1489,1056,partial,Bangladesh,Bangladesh,Homo sapiens,,"Suzuki,K., Nakayama,E.E., Saito,A., Egawa,A., Sato,T., Phadunsambat,J., Rahim,R., Hasan,A., Iwamoto,H., Rahman,M., Shioda,T., Nakayama,E.",2017,2019-08-20,ssRNA(+)
LC472315,Dengue virus type 2,Orthoflavivirus denguei,2,5n-S1473,1056,partial,Bangladesh,Bangladesh,Homo sapiens,,"Suzuki,K., Nakayama,E.E., Saito,A., Egawa,A., Sato,T., Phadunsambat,J., Rahim,R., Hasan,A., Iwamoto,H., Rahman,M., Shioda,T., Nakayama,E.",2017,2019-08-20,ssRNA(+)
LC472316,Dengue virus type 2,Orthoflavivirus denguei,2,8n-S1357,1056,partial,Bangladesh,Bangladesh,Homo sapiens,,"Suzuki,K., Nakayama,E.E., Saito,A., Egawa,A., Sato,T., Phadunsambat,J., Rahim,R., Hasan,A., Iwamoto,H., Rahman,M., Shioda,T., Nakayama,E.",2017,2019-08-20,ssRNA(+)
LC472317,Dengue virus type 2,Orthoflavivirus denguei,2,10n-S1634,1056,partial,Bangladesh,Bangladesh,Homo sapiens,,"Suzuki,K., Nakayama,E.E., Saito,A., Egawa,A., Sato,T., Phadunsambat,J., Rahim,R., Hasan,A., Iwamoto,H., Rahman,M., Shioda,T., Nakayama,E.",2017,2019-08-20,ssRNA(+)
LC472318,Dengue virus type 2,Orthoflavivirus denguei,2,11n-S1571,1056,partial,Bangladesh,Bangladesh,Homo sapiens,,"Suzuki,K., Nakayama,E.E., Saito,A., Egawa,A., Sato,T., Phadunsambat,J., Rahim,R., Hasan,A., Iwamoto,H., Rahman,M., Shioda,T., Nakayama,E.",2017,2019-08-20,ssRNA(+)
LC472319,Dengue virus type 2,Orthoflavivirus denguei,2,12n-S1556,1056,partial,Bangladesh,Bangladesh,Homo sapiens,,"Suzuki,K., Nakayama,E.E., Saito,A., Egawa,A., Sato,T., Phadunsambat,J., Rahim,R., Hasan,A., Iwamoto,H., Rahman,M., Shioda,T., Nakayama,E.",2017,2019-08-20,ssRNA(+)
LC472320,Dengue virus type 2,Orthoflavivirus denguei,2,13n-S1496,1056,partial,Bangladesh,Bangladesh,Homo sapiens,,"Suzuki,K., Nakayama,E.E., Saito,A., Egawa,A., Sato,T., Phadunsambat,J., Rahim,R., Hasan,A., Iwamoto,H., Rahman,M., Shioda,T., Nakayama,E.",2017,2019-08-20,ssRNA(+)
LC472321,Dengue virus type 2,Orthoflavivirus denguei,2,14n-S1482,1056,partial,Bangladesh,Bangladesh,Homo sapiens,,"Suzuki,K., Nakayama,E.E., Saito,A., Egawa,A., Sato,T., Phadunsambat,J., Rahim,R., Hasan,A., Iwamoto,H., Rahman,M., Shioda,T., Nakayama,E.",2017,2019-08-20,ssRNA(+)
LC472322,Dengue virus type 2,Orthoflavivirus denguei,2,15n-S1449,1056,partial,Bangladesh,Bangladesh,Homo sapiens,,"Suzuki,K., Nakayama,E.E., Saito,A., Egawa,A., Sato,T., Phadunsambat,J., Rahim,R., Hasan,A., Iwamoto,H., Rahman,M., Shioda,T., Nakayama,E.",2017,2019-08-20,ssRNA(+)
LC472323,Dengue virus type 2,Orthoflavivirus denguei,2,16n-S1431,1056,partial,Bangladesh,Bangladesh,Homo sapiens,,"Suzuki,K., Nakayama,E.E., Saito,A., Egawa,A., Sato,T., Phadunsambat,J., Rahim,R., Hasan,A., Iwamoto,H., Rahman,M., Shioda,T., Nakayama,E.",2017,2019-08-20,ssRNA(+)
LC472324,Dengue virus type 2,Orthoflavivirus denguei,2,25n-S882,1056,partial,Bangladesh,Bangladesh,Homo sapiens,,"Suzuki,K., Nakayama,E.E., Saito,A., Egawa,A., Sato,T., Phadunsambat,J., Rahim,R., Hasan,A., Iwamoto,H., Rahman,M., Shioda,T., Nakayama,E.",2017,2019-08-20,ssRNA(+)
LC472325,Dengue virus type 2,Orthoflavivirus denguei,2,26n-S892,1056,partial,Bangladesh,Bangladesh,Homo sapiens,,"Suzuki,K., Nakayama,E.E., Saito,A., Egawa,A., Sato,T., Phadunsambat,J., Rahim,R., Hasan,A., Iwamoto,H., Rahman,M., Shioda,T., Nakayama,E.",2017,2019-08-20,ssRNA(+)
LC472326,Dengue virus type 2,Orthoflavivirus denguei,2,27n-S919,1056,partial,Bangladesh,Bangladesh,Homo sapiens,,"Suzuki,K., Nakayama,E.E., Saito,A., Egawa,A., Sato,T., Phadunsambat,J., Rahim,R., Hasan,A., Iwamoto,H., Rahman,M., Shioda,T., Nakayama,E.",2017,2019-08-20,ssRNA(+)
LC472327,Dengue virus type 2,Orthoflavivirus denguei,2,28n-S931,1056,partial,Bangladesh,Bangladesh,Homo sapiens,,"Suzuki,K., Nakayama,E.E., Saito,A., Egawa,A., Sato,T., Phadunsambat,J., Rahim,R., Hasan,A., Iwamoto,H., Rahman,M., Shioda,T., Nakayama,E.",2017,2019-08-20,ssRNA(+)
LC472328,Dengue virus type 2,Orthoflavivirus denguei,2,29n-S939,1056,partial,Bangladesh,Bangladesh,Homo sapiens,,"Suzuki,K., Nakayama,E.E., Saito,A., Egawa,A., Sato,T., Phadunsambat,J., Rahim,R., Hasan,A., Iwamoto,H., Rahman,M., Shioda,T., Nakayama,E.",2017,2019-08-20,ssRNA(+)
LC472329,Dengue virus type 2,Orthoflavivirus denguei,2,30n-S942,1056,partial,Bangladesh,Bangladesh,Homo sapiens,,"Suzuki,K., Nakayama,E.E., Saito,A., Egawa,A., Sato,T., Phadunsambat,J., Rahim,R., Hasan,A., Iwamoto,H., Rahman,M., Shioda,T., Nakayama,E.",2017,2019-08-20,ssRNA(+)
LC472330,Dengue virus type 2,Orthoflavivirus denguei,2,32n-S965,1056,partial,Bangladesh,Bangladesh,Homo sapiens,,"Suzuki,K., Nakayama,E.E., Saito,A., Egawa,A., Sato,T., Phadunsambat,J., Rahim,R., Hasan,A., Iwamoto,H., Rahman,M., Shioda,T., Nakayama,E.",2017,2019-08-20,ssRNA(+)
LC472331,Dengue virus type 2,Orthoflavivirus denguei,2,34n-S1002,1056,partial,Bangladesh,Bangladesh,Homo sapiens,,"Suzuki,K., Nakayama,E.E., Saito,A., Egawa,A., Sato,T., Phadunsambat,J., Rahim,R., Hasan,A., Iwamoto,H., Rahman,M., Shioda,T., Nakayama,E.",2017,2019-08-20,ssRNA(+)
LC472332,Dengue virus type 2,Orthoflavivirus denguei,2,35n-S1003,1056,partial,Bangladesh,Bangladesh,Homo sapiens,,"Suzuki,K., Nakayama,E.E., Saito,A., Egawa,A., Sato,T., Phadunsambat,J., Rahim,R., Hasan,A., Iwamoto,H., Rahman,M., Shioda,T., Nakayama,E.",2017,2019-08-20,ssRNA(+)
LC472333,Dengue virus type 2,Orthoflavivirus denguei,2,36n-S1004,1056,partial,Bangladesh,Bangladesh,Homo sapiens,,"Suzuki,K., Nakayama,E.E., Saito,A., Egawa,A., Sato,T., Phadunsambat,J., Rahim,R., Hasan,A., Iwamoto,H., Rahman,M., Shioda,T., Nakayama,E.",2017,2019-08-20,ssRNA(+)
LC472334,Dengue virus type 2,Orthoflavivirus denguei,2,37n-S1021,1056,partial,Bangladesh,Bangladesh,Homo sapiens,,"Suzuki,K., Nakayama,E.E., Saito,A., Egawa,A., Sato,T., Phadunsambat,J., Rahim,R., Hasan,A., Iwamoto,H., Rahman,M., Shioda,T., Nakayama,E.",2017,2019-08-20,ssRNA(+)
LC472335,Dengue virus type 2,Orthoflavivirus denguei,2,38n-S1022,1056,partial,Bangladesh,Bangladesh,Homo sapiens,,"Suzuki,K., Nakayama,E.E., Saito,A., Egawa,A., Sato,T., Phadunsambat,J., Rahim,R., Hasan,A., Iwamoto,H., Rahman,M., Shioda,T., Nakayama,E.",2017,2019-08-20,ssRNA(+)
LC472336,Dengue virus type 2,Orthoflavivirus denguei,2,39n-S1029,1056,partial,Bangladesh,Bangladesh,Homo sapiens,,"Suzuki,K., Nakayama,E.E., Saito,A., Egawa,A., Sato,T., Phadunsambat,J., Rahim,R., Hasan,A., Iwamoto,H., Rahman,M., Shioda,T., Nakayama,E.",2017,2019-08-20,ssRNA(+)
LC472337,Dengue virus type 2,Orthoflavivirus denguei,2,49n-S1048,1056,partial,Bangladesh,Bangladesh,Homo sapiens,,"Suzuki,K., Nakayama,E.E., Saito,A., Egawa,A., Sato,T., Phadunsambat,J., Rahim,R., Hasan,A., Iwamoto,H., Rahman,M., Shioda,T., Nakayama,E.",2017,2019-08-20,ssRNA(+)
LC472338,Dengue virus type 2,Orthoflavivirus denguei,2,51n-S1056,1056,partial,Bangladesh,Bangladesh,Homo sapiens,,"Suzuki,K., Nakayama,E.E., Saito,A., Egawa,A., Sato,T., Phadunsambat,J., Rahim,R., Hasan,A., Iwamoto,H., Rahman,M., Shioda,T., Nakayama,E.",2017,2019-08-20,ssRNA(+)
LC472339,Dengue virus type 2,Orthoflavivirus denguei,2,52n-S1057,1056,partial,Bangladesh,Bangladesh,Homo sapiens,,"Suzuki,K., Nakayama,E.E., Saito,A., Egawa,A., Sato,T., Phadunsambat,J., Rahim,R., Hasan,A., Iwamoto,H., Rahman,M., Shioda,T., Nakayama,E.",2017,2019-08-20,ssRNA(+)
LC472340,Dengue virus type 2,Orthoflavivirus denguei,2,53n-S1058,1056,partial,Bangladesh,Bangladesh,Homo sapiens,,"Suzuki,K., Nakayama,E.E., Saito,A., Egawa,A., Sato,T., Phadunsambat,J., Rahim,R., Hasan,A., Iwamoto,H., Rahman,M., Shioda,T., Nakayama,E.",2017,2019-08-20,ssRNA(+)
LC472341,Dengue virus type 2,Orthoflavivirus denguei,2,54n-S1060,1056,partial,Bangladesh,Bangladesh,Homo sapiens,,"Suzuki,K., Nakayama,E.E., Saito,A., Egawa,A., Sato,T., Phadunsambat,J., Rahim,R., Hasan,A., Iwamoto,H., Rahman,M., Shioda,T., Nakayama,E.",2017,2019-08-20,ssRNA(+)
LC472342,Dengue virus type 2,Orthoflavivirus denguei,2,55n-S1092,1056,partial,Bangladesh,Bangladesh,Homo sapiens,,"Suzuki,K., Nakayama,E.E., Saito,A., Egawa,A., Sato,T., Phadunsambat,J., Rahim,R., Hasan,A., Iwamoto,H., Rahman,M., Shioda,T., Nakayama,E.",2017,2019-08-20,ssRNA(+)
LC472343,Dengue virus type 2,Orthoflavivirus denguei,2,56n-S1105,1056,partial,Bangladesh,Bangladesh,Homo sapiens,,"Suzuki,K., Nakayama,E.E., Saito,A., Egawa,A., Sato,T., Phadunsambat,J., Rahim,R., Hasan,A., Iwamoto,H., Rahman,M., Shioda,T., Nakayama,E.",2017,2019-08-20,ssRNA(+)
LC472344,Dengue virus type 2,Orthoflavivirus denguei,2,57n-S1108,1056,partial,Bangladesh,Bangladesh,Homo sapiens,,"Suzuki,K., Nakayama,E.E., Saito,A., Egawa,A., Sato,T., Phadunsambat,J., Rahim,R., Hasan,A., Iwamoto,H., Rahman,M., Shioda,T., Nakayama,E.",2017,2019-08-20,ssRNA(+)
LC472345,Dengue virus type 2,Orthoflavivirus denguei,2,59n-S1110,1056,partial,Bangladesh,Bangladesh,Homo sapiens,,"Suzuki,K., Nakayama,E.E., Saito,A., Egawa,A., Sato,T., Phadunsambat,J., Rahim,R., Hasan,A., Iwamoto,H., Rahman,M., Shioda,T., Nakayama,E.",2017,2019-08-20,ssRNA(+)
LC472346,Dengue virus type 2,Orthoflavivirus denguei,2,61n-S1114,1056,partial,Bangladesh,Bangladesh,Homo sapiens,,"Suzuki,K., Nakayama,E.E., Saito,A., Egawa,A., Sato,T., Phadunsambat,J., Rahim,R., Hasan,A., Iwamoto,H., Rahman,M., Shioda,T., Nakayama,E.",2017,2019-08-20,ssRNA(+)
LC472347,Dengue virus type 2,Orthoflavivirus denguei,2,62n-S1116,1056,partial,Bangladesh,Bangladesh,Homo sapiens,,"Suzuki,K., Nakayama,E.E., Saito,A., Egawa,A., Sato,T., Phadunsambat,J., Rahim,R., Hasan,A., Iwamoto,H., Rahman,M., Shioda,T., Nakayama,E.",2017,2019-08-20,ssRNA(+)
LC472348,Dengue virus type 2,Orthoflavivirus denguei,2,63n-S1118,1056,partial,Bangladesh,Bangladesh,Homo sapiens,,"Suzuki,K., Nakayama,E.E., Saito,A., Egawa,A., Sato,T., Phadunsambat,J., Rahim,R., Hasan,A., Iwamoto,H., Rahman,M., Shioda,T., Nakayama,E.",2017,2019-08-20,ssRNA(+)
LC472349,Dengue virus type 2,Orthoflavivirus denguei,2,64n-S1136,1056,partial,Bangladesh,Bangladesh,Homo sapiens,,"Suzuki,K., Nakayama,E.E., Saito,A., Egawa,A., Sato,T., Phadunsambat,J., Rahim,R., Hasan,A., Iwamoto,H., Rahman,M., Shioda,T., Nakayama,E.",2017,2019-08-20,ssRNA(+)
LC472350,Dengue virus type 2,Orthoflavivirus denguei,2,65n-S1186,1056,partial,Bangladesh,Bangladesh,Homo sapiens,,"Suzuki,K., Nakayama,E.E., Saito,A., Egawa,A., Sato,T., Phadunsambat,J., Rahim,R., Hasan,A., Iwamoto,H., Rahman,M., Shioda,T., Nakayama,E.",2017,2019-08-20,ssRNA(+)
LC472351,Dengue virus type 2,Orthoflavivirus denguei,2,66n-S1214,1056,partial,Bangladesh,Bangladesh,Homo sapiens,,"Suzuki,K., Nakayama,E.E., Saito,A., Egawa,A., Sato,T., Phadunsambat,J., Rahim,R., Hasan,A., Iwamoto,H., Rahman,M., Shioda,T., Nakayama,E.",2017,2019-08-20,ssRNA(+)
LC472352,Dengue virus type 2,Orthoflavivirus denguei,2,67n-S1218,1056,partial,Bangladesh,Bangladesh,Homo sapiens,,"Suzuki,K., Nakayama,E.E., Saito,A., Egawa,A., Sato,T., Phadunsambat,J., Rahim,R., Hasan,A., Iwamoto,H., Rahman,M., Shioda,T., Nakayama,E.",2017,2019-08-20,ssRNA(+)
LC472353,Dengue virus type 2,Orthoflavivirus denguei,2,68n-S1224,1056,partial,Bangladesh,Bangladesh,Homo sapiens,,"Suzuki,K., Nakayama,E.E., Saito,A., Egawa,A., Sato,T., Phadunsambat,J., Rahim,R., Hasan,A., Iwamoto,H., Rahman,M., Shioda,T., Nakayama,E.",2017,2019-08-20,ssRNA(+)
LC472354,Dengue virus type 2,Orthoflavivirus denguei,2,69n-S1257,1056,partial,Bangladesh,Bangladesh,Homo sapiens,,"Suzuki,K., Nakayama,E.E., Saito,A., Egawa,A., Sato,T., Phadunsambat,J., Rahim,R., Hasan,A., Iwamoto,H., Rahman,M., Shioda,T., Nakayama,E.",2017,2019-08-20,ssRNA(+)
LC472355,Dengue virus type 2,Orthoflavivirus denguei,2,70n-S1285,1056,partial,Bangladesh,Bangladesh,Homo sapiens,,"Suzuki,K., Nakayama,E.E., Saito,A., Egawa,A., Sato,T., Phadunsambat,J., Rahim,R., Hasan,A., Iwamoto,H., Rahman,M., Shioda,T., Nakayama,E.",2017,2019-08-20,ssRNA(+)
LC472356,Dengue virus type 2,Orthoflavivirus denguei,2,73n-S1353,1056,partial,Bangladesh,Bangladesh,Homo sapiens,,"Suzuki,K., Nakayama,E.E., Saito,A., Egawa,A., Sato,T., Phadunsambat,J., Rahim,R., Hasan,A., Iwamoto,H., Rahman,M., Shioda,T., Nakayama,E.",2017,2019-08-20,ssRNA(+)
LC472357,Dengue virus type 2,Orthoflavivirus denguei,2,74n-S1365,1056,partial,Bangladesh,Bangladesh,Homo sapiens,,"Suzuki,K., Nakayama,E.E., Saito,A., Egawa,A., Sato,T., Phadunsambat,J., Rahim,R., Hasan,A., Iwamoto,H., Rahman,M., Shioda,T., Nakayama,E.",2017,2019-08-20,ssRNA(+)
LC472358,Dengue virus type 2,Orthoflavivirus denguei,2,75n-S1450,1056,partial,Bangladesh,Bangladesh,Homo sapiens,,"Suzuki,K., Nakayama,E.E., Saito,A., Egawa,A., Sato,T., Phadunsambat,J., Rahim,R., Hasan,A., Iwamoto,H., Rahman,M., Shioda,T., Nakayama,E.",2017,2019-08-20,ssRNA(+)
LC472359,Dengue virus type 2,Orthoflavivirus denguei,2,76n-S1496,1056,partial,Bangladesh,Bangladesh,Homo sapiens,,"Suzuki,K., Nakayama,E.E., Saito,A., Egawa,A., Sato,T., Phadunsambat,J., Rahim,R., Hasan,A., Iwamoto,H., Rahman,M., Shioda,T., Nakayama,E.",2017,2019-08-20,ssRNA(+)
LC472360,Dengue virus type 2,Orthoflavivirus denguei,2,77n-S1541,1056,partial,Bangladesh,Bangladesh,Homo sapiens,,"Suzuki,K., Nakayama,E.E., Saito,A., Egawa,A., Sato,T., Phadunsambat,J., Rahim,R., Hasan,A., Iwamoto,H., Rahman,M., Shioda,T., Nakayama,E.",2017,2019-08-20,ssRNA(+)
LC472361,Dengue virus type 2,Orthoflavivirus denguei,2,78n-S1570,1056,partial,Bangladesh,Bangladesh,Homo sapiens,,"Suzuki,K., Nakayama,E.E., Saito,A., Egawa,A., Sato,T., Phadunsambat,J., Rahim,R., Hasan,A., Iwamoto,H., Rahman,M., Shioda,T., Nakayama,E.",2017,2019-08-20,ssRNA(+)
LC472362,Dengue virus type 2,Orthoflavivirus denguei,2,79n-S1622,1056,partial,Bangladesh,Bangladesh,Homo sapiens,,"Suzuki,K., Nakayama,E.E., Saito,A., Egawa,A., Sato,T., Phadunsambat,J., Rahim,R., Hasan,A., Iwamoto,H., Rahman,M., Shioda,T., Nakayama,E.",2017,2019-08-20,ssRNA(+)
LC472363,Dengue virus type 2,Orthoflavivirus denguei,2,80n-S1635,1056,partial,Bangladesh,Bangladesh,Homo sapiens,,"Suzuki,K., Nakayama,E.E., Saito,A., Egawa,A., Sato,T., Phadunsambat,J., Rahim,R., Hasan,A., Iwamoto,H., Rahman,M., Shioda,T., Nakayama,E.",2017,2019-08-20,ssRNA(+)
LC472364,Dengue virus type 3,Orthoflavivirus denguei,3,18n-S1035,1056,partial,Bangladesh,Bangladesh,Homo sapiens,,"Suzuki,K., Nakayama,E.E., Saito,A., Egawa,A., Sato,T., Phadunsambat,J., Rahim,R., Hasan,A., Iwamoto,H., Rahman,M., Shioda,T., Nakayama,E.",2017,2019-08-20,ssRNA(+)
LC472365,Dengue virus type 3,Orthoflavivirus denguei,3,19n-S1144,1056,partial,Bangladesh,Bangladesh,Homo sapiens,,"Suzuki,K., Nakayama,E.E., Saito,A., Egawa,A., Sato,T., Phadunsambat,J., Rahim,R., Hasan,A., Iwamoto,H., Rahman,M., Shioda,T., Nakayama,E.",2017,2019-08-20,ssRNA(+)
LC472366,Dengue virus type 3,Orthoflavivirus denguei,3,20n-S1178,1056,partial,Bangladesh,Bangladesh,Homo sapiens,,"Suzuki,K., Nakayama,E.E., Saito,A., Egawa,A., Sato,T., Phadunsambat,J., Rahim,R., Hasan,A., Iwamoto,H., Rahman,M., Shioda,T., Nakayama,E.",2017,2019-08-20,ssRNA(+)
LC472367,Dengue virus type 3,Orthoflavivirus denguei,3,21n-S1303,1056,partial,Bangladesh,Bangladesh,Homo sapiens,,"Suzuki,K., Nakayama,E.E., Saito,A., Egawa,A., Sato,T., Phadunsambat,J., Rahim,R., Hasan,A., Iwamoto,H., Rahman,M., Shioda,T., Nakayama,E.",2017,2019-08-20,ssRNA(+)
LC472368,Dengue virus type 3,Orthoflavivirus denguei,3,22n-S1471,1056,partial,Bangladesh,Bangladesh,Homo sapiens,,"Suzuki,K., Nakayama,E.E., Saito,A., Egawa,A., Sato,T., Phadunsambat,J., Rahim,R., Hasan,A., Iwamoto,H., Rahman,M., Shioda,T., Nakayama,E.",2017,2019-08-20,ssRNA(+)
LC472369,Dengue virus type 3,Orthoflavivirus denguei,3,23n-S1479,1056,partial,Bangladesh,Bangladesh,Homo sapiens,,"Suzuki,K., Nakayama,E.E., Saito,A., Egawa,A., Sato,T., Phadunsambat,J., Rahim,R., Hasan,A., Iwamoto,H., Rahman,M., Shioda,T., Nakayama,E.",2017,2019-08-20,ssRNA(+)
LC472370,Dengue virus type 3,Orthoflavivirus denguei,3,24n-S1566,1056,partial,Bangladesh,Bangladesh,Homo sapiens,,"Suzuki,K., Nakayama,E.E., Saito,A., Egawa,A., Sato,T., Phadunsambat,J., Rahim,R., Hasan,A., Iwamoto,H., Rahman,M., Shioda,T., Nakayama,E.",2017,2019-08-20,ssRNA(+)
LC436607,dengue virus type I,Orthoflavivirus denguei,,43e-S1171,1485,partial,Bangladesh,Bangladesh,Homo sapiens,blood,"Suzuki,K., Phadungsombat,J., Nakayama,E.E., Saito,A., Egawa,A., Sato,T., Rahim,R., Hasan,A., Lin,M.Y., Takasaki,T., Rahman,M., Shioda,T.",2017-09,2019-08-09,ssRNA(+)
LC436608,dengue virus type I,Orthoflavivirus denguei,,44e-S1177,1485,partial,Bangladesh,Bangladesh,Homo sapiens,blood,"Suzuki,K., Phadungsombat,J., Nakayama,E.E., Saito,A., Egawa,A., Sato,T., Rahim,R., Hasan,A., Lin,M.Y., Takasaki,T., Rahman,M., Shioda,T.",2017-09,2019-08-09,ssRNA(+)
LC436609,dengue virus type I,Orthoflavivirus denguei,,45e-S1190,1485,partial,Bangladesh,Bangladesh,Homo sapiens,blood,"Suzuki,K., Phadungsombat,J., Nakayama,E.E., Saito,A., Egawa,A., Sato,T., Rahim,R., Hasan,A., Lin,M.Y., Takasaki,T., Rahman,M., Shioda,T.",2017-09,2019-08-09,ssRNA(+)
LC436610,dengue virus type I,Orthoflavivirus denguei,,46e-S1387,1485,partial,Bangladesh,Bangladesh,Homo sapiens,blood,"Suzuki,K., Phadungsombat,J., Nakayama,E.E., Saito,A., Egawa,A., Sato,T., Rahim,R., Hasan,A., Lin,M.Y., Takasaki,T., Rahman,M., Shioda,T.",2017-09,2019-08-09,ssRNA(+)
LC436612,dengue virus type I,Orthoflavivirus denguei,,41e-S984,1485,partial,Bangladesh,Bangladesh,Homo sapiens,blood,"Suzuki,K., Phadungsombat,J., Nakayama,E.E., Saito,A., Egawa,A., Sato,T., Rahim,R., Hasan,A., Lin,M.Y., Takasaki,T., Rahman,M., Shioda,T.",2017-11,2019-08-09,ssRNA(+)
LC436613,Dengue virus type 2,Orthoflavivirus denguei,,8e-S1357,1485,partial,Bangladesh,Bangladesh,Homo sapiens,blood,"Suzuki,K., Phadungsombat,J., Nakayama,E.E., Saito,A., Egawa,A., Sato,T., Rahim,R., Hasan,A., Lin,M.Y., Takasaki,T., Rahman,M., Shioda,T.",2017-10,2019-08-09,ssRNA(+)
LC436614,Dengue virus type 2,Orthoflavivirus denguei,,10e-S1634,1485,partial,Bangladesh,Bangladesh,Homo sapiens,blood,"Suzuki,K., Phadungsombat,J., Nakayama,E.E., Saito,A., Egawa,A., Sato,T., Rahim,R., Hasan,A., Lin,M.Y., Takasaki,T., Rahman,M., Shioda,T.",2017-12,2019-08-09,ssRNA(+)
LC436615,Dengue virus type 2,Orthoflavivirus denguei,,11e-S1571,1485,partial,Bangladesh,Bangladesh,Homo sapiens,blood,"Suzuki,K., Phadungsombat,J., Nakayama,E.E., Saito,A., Egawa,A., Sato,T., Rahim,R., Hasan,A., Lin,M.Y., Takasaki,T., Rahman,M., Shioda,T.",2017-11,2019-08-09,ssRNA(+)
LC436616,Dengue virus type 2,Orthoflavivirus denguei,,12e-S1556,1485,partial,Bangladesh,Bangladesh,Homo sapiens,blood,"Suzuki,K., Phadungsombat,J., Nakayama,E.E., Saito,A., Egawa,A., Sato,T., Rahim,R., Hasan,A., Lin,M.Y., Takasaki,T., Rahman,M., Shioda,T.",2017-11,2019-08-09,ssRNA(+)
LC436617,Dengue virus type 2,Orthoflavivirus denguei,,13e-S1496,1485,partial,Bangladesh,Bangladesh,Homo sapiens,blood,"Suzuki,K., Phadungsombat,J., Nakayama,E.E., Saito,A., Egawa,A., Sato,T., Rahim,R., Hasan,A., Lin,M.Y., Takasaki,T., Rahman,M., Shioda,T.",2017-11,2019-08-09,ssRNA(+)
LC436618,Dengue virus type 2,Orthoflavivirus denguei,,14e-S1482,1485,partial,Bangladesh,Bangladesh,Homo sapiens,blood,"Suzuki,K., Phadungsombat,J., Nakayama,E.E., Saito,A., Egawa,A., Sato,T., Rahim,R., Hasan,A., Lin,M.Y., Takasaki,T., Rahman,M., Shioda,T.",2017-10,2019-08-09,ssRNA(+)
LC436619,Dengue virus type 2,Orthoflavivirus denguei,,16e-S1431,1485,partial,Bangladesh,Bangladesh,Homo sapiens,blood,"Suzuki,K., Phadungsombat,J., Nakayama,E.E., Saito,A., Egawa,A., Sato,T., Rahim,R., Hasan,A., Lin,M.Y., Takasaki,T., Rahman,M., Shioda,T.",2017-10,2019-08-09,ssRNA(+)
LC436620,Dengue virus type 2,Orthoflavivirus denguei,,4e-S1489,1485,partial,Bangladesh,Bangladesh,Homo sapiens,blood,"Suzuki,K., Phadungsombat,J., Nakayama,E.E., Saito,A., Egawa,A., Sato,T., Rahim,R., Hasan,A., Lin,M.Y., Takasaki,T., Rahman,M., Shioda,T.",2017-10,2019-08-09,ssRNA(+)
LC436621,Dengue virus type 2,Orthoflavivirus denguei,,25e-S882,1485,partial,Bangladesh,Bangladesh,Homo sapiens,blood,"Suzuki,K., Phadungsombat,J., Nakayama,E.E., Saito,A., Egawa,A., Sato,T., Rahim,R., Hasan,A., Lin,M.Y., Takasaki,T., Rahman,M., Shioda,T.",2017-08,2019-08-09,ssRNA(+)
LC436622,Dengue virus type 2,Orthoflavivirus denguei,,26e-S892,1485,partial,Bangladesh,Bangladesh,Homo sapiens,blood,"Suzuki,K., Phadungsombat,J., Nakayama,E.E., Saito,A., Egawa,A., Sato,T., Rahim,R., Hasan,A., Lin,M.Y., Takasaki,T., Rahman,M., Shioda,T.",2017-08,2019-08-09,ssRNA(+)
LC436623,Dengue virus type 2,Orthoflavivirus denguei,,27e-S919,1485,partial,Bangladesh,Bangladesh,Homo sapiens,blood,"Suzuki,K., Phadungsombat,J., Nakayama,E.E., Saito,A., Egawa,A., Sato,T., Rahim,R., Hasan,A., Lin,M.Y., Takasaki,T., Rahman,M., Shioda,T.",2017-08,2019-08-09,ssRNA(+)
LC436624,Dengue virus type 2,Orthoflavivirus denguei,,28e-S931,1485,partial,Bangladesh,Bangladesh,Homo sapiens,blood,"Suzuki,K., Phadungsombat,J., Nakayama,E.E., Saito,A., Egawa,A., Sato,T., Rahim,R., Hasan,A., Lin,M.Y., Takasaki,T., Rahman,M., Shioda,T.",2017-08,2019-08-09,ssRNA(+)
LC436625,Dengue virus type 2,Orthoflavivirus denguei,,29e-S939,1485,partial,Bangladesh,Bangladesh,Homo sapiens,blood,"Suzuki,K., Phadungsombat,J., Nakayama,E.E., Saito,A., Egawa,A., Sato,T., Rahim,R., Hasan,A., Lin,M.Y., Takasaki,T., Rahman,M., Shioda,T.",2017-08,2019-08-09,ssRNA(+)
LC436626,Dengue virus type 2,Orthoflavivirus denguei,,30e-S942,1485,partial,Bangladesh,Bangladesh,Homo sapiens,blood,"Suzuki,K., Phadungsombat,J., Nakayama,E.E., Saito,A., Egawa,A., Sato,T., Rahim,R., Hasan,A., Lin,M.Y., Takasaki,T., Rahman,M., Shioda,T.",2017-08,2019-08-09,ssRNA(+)
LC436627,Dengue virus type 2,Orthoflavivirus denguei,,31e-S954,1485,partial,Bangladesh,Bangladesh,Homo sapiens,blood,"Suzuki,K., Phadungsombat,J., Nakayama,E.E., Saito,A., Egawa,A., Sato,T., Rahim,R., Hasan,A., Lin,M.Y., Takasaki,T., Rahman,M., Shioda,T.",2017-09,2019-08-09,ssRNA(+)
LC436628,Dengue virus type 2,Orthoflavivirus denguei,,32e-S965,1485,partial,Bangladesh,Bangladesh,Homo sapiens,blood,"Suzuki,K., Phadungsombat,J., Nakayama,E.E., Saito,A., Egawa,A., Sato,T., Rahim,R., Hasan,A., Lin,M.Y., Takasaki,T., Rahman,M., Shioda,T.",2017-09,2019-08-09,ssRNA(+)
LC436629,Dengue virus type 2,Orthoflavivirus denguei,,35e-S1003,1485,partial,Bangladesh,Bangladesh,Homo sapiens,blood,"Suzuki,K., Phadungsombat,J., Nakayama,E.E., Saito,A., Egawa,A., Sato,T., Rahim,R., Hasan,A., Lin,M.Y., Takasaki,T., Rahman,M., Shioda,T.",2017-09,2019-08-09,ssRNA(+)
LC436630,Dengue virus type 2,Orthoflavivirus denguei,,36e-S1004,1485,partial,Bangladesh,Bangladesh,Homo sapiens,blood,"Suzuki,K., Phadungsombat,J., Nakayama,E.E., Saito,A., Egawa,A., Sato,T., Rahim,R., Hasan,A., Lin,M.Y., Takasaki,T., Rahman,M., Shioda,T.",2017-09,2019-08-09,ssRNA(+)
LC436631,Dengue virus type 2,Orthoflavivirus denguei,,37e-S1021,1485,partial,Bangladesh,Bangladesh,Homo sapiens,blood,"Suzuki,K., Phadungsombat,J., Nakayama,E.E., Saito,A., Egawa,A., Sato,T., Rahim,R., Hasan,A., Lin,M.Y., Takasaki,T., Rahman,M., Shioda,T.",2017-09,2019-08-09,ssRNA(+)
LC436632,Dengue virus type 2,Orthoflavivirus denguei,,38e-S1022,1485,partial,Bangladesh,Bangladesh,Homo sapiens,blood,"Suzuki,K., Phadungsombat,J., Nakayama,E.E., Saito,A., Egawa,A., Sato,T., Rahim,R., Hasan,A., Lin,M.Y., Takasaki,T., Rahman,M., Shioda,T.",2017-09,2019-08-09,ssRNA(+)
LC436633,Dengue virus type 2,Orthoflavivirus denguei,,39e-S1029,1485,partial,Bangladesh,Bangladesh,Homo sapiens,blood,"Suzuki,K., Phadungsombat,J., Nakayama,E.E., Saito,A., Egawa,A., Sato,T., Rahim,R., Hasan,A., Lin,M.Y., Takasaki,T., Rahman,M., Shioda,T.",2017-09,2019-08-09,ssRNA(+)
LC436634,Dengue virus type 2,Orthoflavivirus denguei,,49e-S1048,1485,partial,Bangladesh,Bangladesh,Homo sapiens,blood,"Suzuki,K., Phadungsombat,J., Nakayama,E.E., Saito,A., Egawa,A., Sato,T., Rahim,R., Hasan,A., Lin,M.Y., Takasaki,T., Rahman,M., Shioda,T.",2017-09,2019-08-09,ssRNA(+)
LC436635,Dengue virus type 2,Orthoflavivirus denguei,,50e-S1051,1485,partial,Bangladesh,Bangladesh,Homo sapiens,blood,"Suzuki,K., Phadungsombat,J., Nakayama,E.E., Saito,A., Egawa,A., Sato,T., Rahim,R., Hasan,A., Lin,M.Y., Takasaki,T., Rahman,M., Shioda,T.",2017-09,2019-08-09,ssRNA(+)
LC436636,Dengue virus type 2,Orthoflavivirus denguei,,51e-S1056,1485,partial,Bangladesh,Bangladesh,Homo sapiens,blood,"Suzuki,K., Phadungsombat,J., Nakayama,E.E., Saito,A., Egawa,A., Sato,T., Rahim,R., Hasan,A., Lin,M.Y., Takasaki,T., Rahman,M., Shioda,T.",2017-09,2019-08-09,ssRNA(+)
LC436637,Dengue virus type 2,Orthoflavivirus denguei,,52e-S1057,1485,partial,Bangladesh,Bangladesh,Homo sapiens,blood,"Suzuki,K., Phadungsombat,J., Nakayama,E.E., Saito,A., Egawa,A., Sato,T., Rahim,R., Hasan,A., Lin,M.Y., Takasaki,T., Rahman,M., Shioda,T.",2017-09,2019-08-09,ssRNA(+)
LC436638,Dengue virus type 2,Orthoflavivirus denguei,,53e-S1058,1485,partial,Bangladesh,Bangladesh,Homo sapiens,blood,"Suzuki,K., Phadungsombat,J., Nakayama,E.E., Saito,A., Egawa,A., Sato,T., Rahim,R., Hasan,A., Lin,M.Y., Takasaki,T., Rahman,M., Shioda,T.",2017-09,2019-08-09,ssRNA(+)
LC436639,Dengue virus type 2,Orthoflavivirus denguei,,54e-S1060,1485,partial,Bangladesh,Bangladesh,Homo sapiens,blood,"Suzuki,K., Phadungsombat,J., Nakayama,E.E., Saito,A., Egawa,A., Sato,T., Rahim,R., Hasan,A., Lin,M.Y., Takasaki,T., Rahman,M., Shioda,T.",2017-09,2019-08-09,ssRNA(+)
LC436640,Dengue virus type 2,Orthoflavivirus denguei,,59e-S1110,1485,partial,Bangladesh,Bangladesh,Homo sapiens,blood,"Suzuki,K., Phadungsombat,J., Nakayama,E.E., Saito,A., Egawa,A., Sato,T., Rahim,R., Hasan,A., Lin,M.Y., Takasaki,T., Rahman,M., Shioda,T.",2017-09,2019-08-09,ssRNA(+)
LC436641,Dengue virus type 2,Orthoflavivirus denguei,,60e-S1111,1485,partial,Bangladesh,Bangladesh,Homo sapiens,blood,"Suzuki,K., Phadungsombat,J., Nakayama,E.E., Saito,A., Egawa,A., Sato,T., Rahim,R., Hasan,A., Lin,M.Y., Takasaki,T., Rahman,M., Shioda,T.",2017-09,2019-08-09,ssRNA(+)
LC436642,Dengue virus type 2,Orthoflavivirus denguei,,61e-S1114,1485,partial,Bangladesh,Bangladesh,Homo sapiens,blood,"Suzuki,K., Phadungsombat,J., Nakayama,E.E., Saito,A., Egawa,A., Sato,T., Rahim,R., Hasan,A., Lin,M.Y., Takasaki,T., Rahman,M., Shioda,T.",2017-09,2019-08-09,ssRNA(+)
LC436643,Dengue virus type 2,Orthoflavivirus denguei,,63e-S1118,1485,partial,Bangladesh,Bangladesh,Homo sapiens,blood,"Suzuki,K., Phadungsombat,J., Nakayama,E.E., Saito,A., Egawa,A., Sato,T., Rahim,R., Hasan,A., Lin,M.Y., Takasaki,T., Rahman,M., Shioda,T.",2017-09,2019-08-09,ssRNA(+)
LC436644,Dengue virus type 2,Orthoflavivirus denguei,,62e-S1116,1485,partial,Bangladesh,Bangladesh,Homo sapiens,blood,"Suzuki,K., Phadungsombat,J., Nakayama,E.E., Saito,A., Egawa,A., Sato,T., Rahim,R., Hasan,A., Lin,M.Y., Takasaki,T., Rahman,M., Shioda,T.",2017-09,2019-08-09,ssRNA(+)
LC436645,Dengue virus type 2,Orthoflavivirus denguei,,64e-S1136,1485,partial,Bangladesh,Bangladesh,Homo sapiens,blood,"Suzuki,K., Phadungsombat,J., Nakayama,E.E., Saito,A., Egawa,A., Sato,T., Rahim,R., Hasan,A., Lin,M.Y., Takasaki,T., Rahman,M., Shioda,T.",2017-09,2019-08-09,ssRNA(+)
LC436646,Dengue virus type 2,Orthoflavivirus denguei,,65e-S1186,1485,partial,Bangladesh,Bangladesh,Homo sapiens,blood,"Suzuki,K., Phadungsombat,J., Nakayama,E.E., Saito,A., Egawa,A., Sato,T., Rahim,R., Hasan,A., Lin,M.Y., Takasaki,T., Rahman,M., Shioda,T.",2017-09,2019-08-09,ssRNA(+)
LC436647,Dengue virus type 2,Orthoflavivirus denguei,,66e-S1214,1485,partial,Bangladesh,Bangladesh,Homo sapiens,blood,"Suzuki,K., Phadungsombat,J., Nakayama,E.E., Saito,A., Egawa,A., Sato,T., Rahim,R., Hasan,A., Lin,M.Y., Takasaki,T., Rahman,M., Shioda,T.",2017-09,2019-08-09,ssRNA(+)
LC436648,Dengue virus type 2,Orthoflavivirus denguei,,67e-S1218,1485,partial,Bangladesh,Bangladesh,Homo sapiens,blood,"Suzuki,K., Phadungsombat,J., Nakayama,E.E., Saito,A., Egawa,A., Sato,T., Rahim,R., Hasan,A., Lin,M.Y., Takasaki,T., Rahman,M., Shioda,T.",2017-09,2019-08-09,ssRNA(+)
LC436649,Dengue virus type 2,Orthoflavivirus denguei,,68e-S1224,1485,partial,Bangladesh,Bangladesh,Homo sapiens,blood,"Suzuki,K., Phadungsombat,J., Nakayama,E.E., Saito,A., Egawa,A., Sato,T., Rahim,R., Hasan,A., Lin,M.Y., Takasaki,T., Rahman,M., Shioda,T.",2017-09,2019-08-09,ssRNA(+)
LC436650,Dengue virus type 2,Orthoflavivirus denguei,,70e-S1285,1485,partial,Bangladesh,Bangladesh,Homo sapiens,blood,"Suzuki,K., Phadungsombat,J., Nakayama,E.E., Saito,A., Egawa,A., Sato,T., Rahim,R., Hasan,A., Lin,M.Y., Takasaki,T., Rahman,M., Shioda,T.",2017-10,2019-08-09,ssRNA(+)
LC436651,Dengue virus type 2,Orthoflavivirus denguei,,71e-S1296,1485,partial,Bangladesh,Bangladesh,Homo sapiens,blood,"Suzuki,K., Phadungsombat,J., Nakayama,E.E., Saito,A., Egawa,A., Sato,T., Rahim,R., Hasan,A., Lin,M.Y., Takasaki,T., Rahman,M., Shioda,T.",2017-10,2019-08-09,ssRNA(+)
LC436652,Dengue virus type 2,Orthoflavivirus denguei,,73e-S1353,1485,partial,Bangladesh,Bangladesh,Homo sapiens,blood,"Suzuki,K., Phadungsombat,J., Nakayama,E.E., Saito,A., Egawa,A., Sato,T., Rahim,R., Hasan,A., Lin,M.Y., Takasaki,T., Rahman,M., Shioda,T.",2017-10,2019-08-09,ssRNA(+)
LC436653,Dengue virus type 2,Orthoflavivirus denguei,,74e-S1365,1485,partial,Bangladesh,Bangladesh,Homo sapiens,blood,"Suzuki,K., Phadungsombat,J., Nakayama,E.E., Saito,A., Egawa,A., Sato,T., Rahim,R., Hasan,A., Lin,M.Y., Takasaki,T., Rahman,M., Shioda,T.",2017-10,2019-08-09,ssRNA(+)
LC436654,Dengue virus type 2,Orthoflavivirus denguei,,75e-S1450,1485,partial,Bangladesh,Bangladesh,Homo sapiens,blood,"Suzuki,K., Phadungsombat,J., Nakayama,E.E., Saito,A., Egawa,A., Sato,T., Rahim,R., Hasan,A., Lin,M.Y., Takasaki,T., Rahman,M., Shioda,T.",2017-10,2019-08-09,ssRNA(+)
LC436655,Dengue virus type 2,Orthoflavivirus denguei,,76e-S1495,1485,partial,Bangladesh,Bangladesh,Homo sapiens,blood,"Suzuki,K., Phadungsombat,J., Nakayama,E.E., Saito,A., Egawa,A., Sato,T., Rahim,R., Hasan,A., Lin,M.Y., Takasaki,T., Rahman,M., Shioda,T.",2017-11,2019-08-09,ssRNA(+)
LC436656,Dengue virus type 2,Orthoflavivirus denguei,,77e-S1541,1485,partial,Bangladesh,Bangladesh,Homo sapiens,blood,"Suzuki,K., Phadungsombat,J., Nakayama,E.E., Saito,A., Egawa,A., Sato,T., Rahim,R., Hasan,A., Lin,M.Y., Takasaki,T., Rahman,M., Shioda,T.",2017-11,2019-08-09,ssRNA(+)
LC436657,Dengue virus type 2,Orthoflavivirus denguei,,78e-S1570,1485,partial,Bangladesh,Bangladesh,Homo sapiens,blood,"Suzuki,K., Phadungsombat,J., Nakayama,E.E., Saito,A., Egawa,A., Sato,T., Rahim,R., Hasan,A., Lin,M.Y., Takasaki,T., Rahman,M., Shioda,T.",2017-11,2019-08-09,ssRNA(+)
LC436658,Dengue virus type 2,Orthoflavivirus denguei,,79e-S1622,1485,partial,Bangladesh,Bangladesh,Homo sapiens,blood,"Suzuki,K., Phadungsombat,J., Nakayama,E.E., Saito,A., Egawa,A., Sato,T., Rahim,R., Hasan,A., Lin,M.Y., Takasaki,T., Rahman,M., Shioda,T.",2017-12,2019-08-09,ssRNA(+)
LC436659,Dengue virus type 2,Orthoflavivirus denguei,,80e-S1635,1485,partial,Bangladesh,Bangladesh,Homo sapiens,blood,"Suzuki,K., Phadungsombat,J., Nakayama,E.E., Saito,A., Egawa,A., Sato,T., Rahim,R., Hasan,A., Lin,M.Y., Takasaki,T., Rahman,M., Shioda,T.",2017-12,2019-08-09,ssRNA(+)
LC436660,Dengue virus type 3,Orthoflavivirus denguei,,23e-S1479,1479,partial,Bangladesh,Bangladesh,Homo sapiens,blood,"Suzuki,K., Phadungsombat,J., Nakayama,E.E., Saito,A., Egawa,A., Sato,T., Rahim,R., Hasan,A., Lin,M.Y., Takasaki,T., Rahman,M., Shioda,T.",2017-10,2019-08-09,ssRNA(+)
LC436661,Dengue virus type 3,Orthoflavivirus denguei,,24e-S1566,1479,partial,Bangladesh,Bangladesh,Homo sapiens,blood,"Suzuki,K., Phadungsombat,J., Nakayama,E.E., Saito,A., Egawa,A., Sato,T., Rahim,R., Hasan,A., Lin,M.Y., Takasaki,T., Rahman,M., Shioda,T.",2017-11,2019-08-09,ssRNA(+)
LC436663,Dengue virus type 3,Orthoflavivirus denguei,,20e-S1278,1479,partial,Bangladesh,Bangladesh,Homo sapiens,blood,"Suzuki,K., Phadungsombat,J., Nakayama,E.E., Saito,A., Egawa,A., Sato,T., Rahim,R., Hasan,A., Lin,M.Y., Takasaki,T., Rahman,M., Shioda,T.",2017-10,2019-08-09,ssRNA(+)
LC436664,Dengue virus type 3,Orthoflavivirus denguei,,21e-S1303,1479,partial,Bangladesh,Bangladesh,Homo sapiens,blood,"Suzuki,K., Phadungsombat,J., Nakayama,E.E., Saito,A., Egawa,A., Sato,T., Rahim,R., Hasan,A., Lin,M.Y., Takasaki,T., Rahman,M., Shioda,T.",2017-10,2019-08-09,ssRNA(+)
LC436665,Dengue virus type 3,Orthoflavivirus denguei,,22e-S1471,1479,partial,Bangladesh,Bangladesh,Homo sapiens,blood,"Suzuki,K., Phadungsombat,J., Nakayama,E.E., Saito,A., Egawa,A., Sato,T., Rahim,R., Hasan,A., Lin,M.Y., Takasaki,T., Rahman,M., Shioda,T.",2017-10,2019-08-09,ssRNA(+)
LC436666,Dengue virus type 3,Orthoflavivirus denguei,,18e-S1035,1479,partial,Bangladesh,Bangladesh,Homo sapiens,blood,"Suzuki,K., Phadungsombat,J., Nakayama,E.E., Saito,A., Egawa,A., Sato,T., Rahim,R., Hasan,A., Lin,M.Y., Takasaki,T., Rahman,M., Shioda,T.",2017-09,2019-08-09,ssRNA(+)
KT781532,Dengue virus type 2,Orthoflavivirus denguei,Cosmopolitan,Bangladesh 2011,1485,partial,Bangladesh,Bangladesh,Homo sapiens,,"Pyke,A.T.",2011,2017-11-02,ssRNA(+)
JN036371,dengue virus type I,Orthoflavivirus denguei,1,BDH8-09/DENV1,1485,partial,Bangladesh: Dhaka,Bangladesh,Homo sapiens,blood,"Kubo,T., Islam,M.A., Ali,M.H., Hossain,S., Kaniz,M., Tun,M.N., Morita,K.",2009-10,2012-07-31,ssRNA(+)
JN036372,Dengue virus type 2,Orthoflavivirus denguei,2,BDH16-09/DENV2,1485,partial,Bangladesh: Dhaka,Bangladesh,Homo sapiens,blood,"Kubo,T., Islam,M.A., Ali,M.H., Hossain,S., Kaniz,M., Tun,M.N., Morita,K.",2009-10,2012-07-31,ssRNA(+)
JN036373,Dengue virus type 2,Orthoflavivirus denguei,2,BDH17-09/DENV2,1485,partial,Bangladesh: Dhaka,Bangladesh,Homo sapiens,blood,"Kubo,T., Islam,M.A., Ali,M.H., Hossain,S., Kaniz,M., Tun,M.N., Morita,K.",2009-10,2012-07-31,ssRNA(+)
JN036374,Dengue virus type 2,Orthoflavivirus denguei,2,BDH29-09/DENV2,1485,partial,Bangladesh: Dhaka,Bangladesh,Homo sapiens,blood,"Kubo,T., Islam,M.A., Ali,M.H., Hossain,S., Kaniz,M., Tun,M.N., Morita,K.",2009-10-02,2012-07-31,ssRNA(+)
JN036375,Dengue virus type 2,Orthoflavivirus denguei,2,BDH54-08/DENV2,1485,partial,Bangladesh: Dhaka,Bangladesh,Homo sapiens,blood,"Kubo,T., Islam,M.A., Ali,M.H., Hossain,S., Kaniz,M., Tun,M.N., Morita,K.",2008-08-13,2012-07-31,ssRNA(+)
JN036376,Dengue virus type 2,Orthoflavivirus denguei,2,BDH64-08/DENV2,1485,partial,Bangladesh: Dhaka,Bangladesh,Homo sapiens,blood,"Kubo,T., Islam,M.A., Ali,M.H., Hossain,S., Kaniz,M., Tun,M.N., Morita,K.",2008-09-04,2012-07-31,ssRNA(+)
JN036377,Dengue virus type 2,Orthoflavivirus denguei,2,BDH86-08/DENV2,1485,partial,Bangladesh: Dhaka,Bangladesh,Homo sapiens,blood,"Kubo,T., Islam,M.A., Ali,M.H., Hossain,S., Kaniz,M., Tun,M.N., Morita,K.",2008-08-20,2012-07-31,ssRNA(+)
JN036378,Dengue virus type 2,Orthoflavivirus denguei,2,BDH127-07/DENV2,1485,partial,Bangladesh: Dhaka,Bangladesh,Homo sapiens,blood,"Kubo,T., Islam,M.A., Ali,M.H., Hossain,S., Kaniz,M., Tun,M.N., Morita,K.",2007-09-19,2012-07-31,ssRNA(+)
JN036379,Dengue virus type 2,Orthoflavivirus denguei,2,BDH21-06/DENV2,1485,partial,Bangladesh: Dhaka,Bangladesh,Homo sapiens,blood,"Kubo,T., Islam,M.A., Ali,M.H., Hossain,S., Kaniz,M., Tun,M.N., Morita,K.",2006-07-13,2012-07-31,ssRNA(+)
JN036380,Dengue virus type 2,Orthoflavivirus denguei,2,BDH83-06/DENV2,1485,partial,Bangladesh: Dhaka,Bangladesh,Homo sapiens,blood,"Kubo,T., Islam,M.A., Ali,M.H., Hossain,S., Kaniz,M., Tun,M.N., Morita,K.",2006-07-19,2012-07-31,ssRNA(+)
JN036381,Dengue virus type 3,Orthoflavivirus denguei,3,BDH12-09/DENV3,1479,partial,Bangladesh: Dhaka,Bangladesh,Homo sapiens,blood,"Kubo,T., Islam,M.A., Ali,M.H., Hossain,S., Kaniz,M., Tun,M.N., Morita,K.",2009,2012-07-31,ssRNA(+)
JN036382,Dengue virus type 3,Orthoflavivirus denguei,3,BDH62-08/DENV3,1479,partial,Bangladesh: Dhaka,Bangladesh,Homo sapiens,blood,"Kubo,T., Islam,M.A., Ali,M.H., Hossain,S., Kaniz,M., Tun,M.N., Morita,K.",2008-09-11,2012-07-31,ssRNA(+)
JN036383,Dengue virus type 3,Orthoflavivirus denguei,3,BDH67-08/DENV3,1479,partial,Bangladesh: Dhaka,Bangladesh,Homo sapiens,blood,"Kubo,T., Islam,M.A., Ali,M.H., Hossain,S., Kaniz,M., Tun,M.N., Morita,K.",2008-09-01,2012-07-31,ssRNA(+)
JN036384,Dengue virus type 3,Orthoflavivirus denguei,3,BDH72-08/DENV3,1479,partial,Bangladesh: Dhaka,Bangladesh,Homo sapiens,blood,"Kubo,T., Islam,M.A., Ali,M.H., Hossain,S., Kaniz,M., Tun,M.N., Morita,K.",2008-08-28,2012-07-31,ssRNA(+)
JN036385,Dengue virus type 3,Orthoflavivirus denguei,3,BDH136-07/DENV3,1479,partial,Bangladesh: Dhaka,Bangladesh,Homo sapiens,blood,"Kubo,T., Islam,M.A., Ali,M.H., Hossain,S., Kaniz,M., Tun,M.N., Morita,K.",2007-09-07,2012-07-31,ssRNA(+)
JN036386,Dengue virus type 3,Orthoflavivirus denguei,3,BDH140-07/DENV3,1479,partial,Bangladesh: Dhaka,Bangladesh,Homo sapiens,blood,"Kubo,T., Islam,M.A., Ali,M.H., Hossain,S., Kaniz,M., Tun,M.N., Morita,K.",2007-09-06,2012-07-31,ssRNA(+)
JN036387,Dengue virus type 3,Orthoflavivirus denguei,3,BDH41-06/DENV3,1479,partial,Bangladesh: Dhaka,Bangladesh,Homo sapiens,blood,"Kubo,T., Islam,M.A., Ali,M.H., Hossain,S., Kaniz,M., Tun,M.N., Morita,K.",2006-07-15,2012-07-31,ssRNA(+)
JN036388,Dengue virus type 3,Orthoflavivirus denguei,3,BDH59-06/DENV3,1479,partial,Bangladesh: Dhaka,Bangladesh,Homo sapiens,blood,"Kubo,T., Islam,M.A., Ali,M.H., Hossain,S., Kaniz,M., Tun,M.N., Morita,K.",2006-07-17,2012-07-31,ssRNA(+)
JN036389,Dengue virus type 3,Orthoflavivirus denguei,3,BDH66-06/DENV3,1479,partial,Bangladesh: Dhaka,Bangladesh,Homo sapiens,blood,"Kubo,T., Islam,M.A., Ali,M.H., Hossain,S., Kaniz,M., Tun,M.N., Morita,K.",2006-07-17,2012-07-31,ssRNA(+)
JN036390,Dengue virus type 3,Orthoflavivirus denguei,3,BDH75-06/DENV3,1479,partial,Bangladesh: Dhaka,Bangladesh,Homo sapiens,blood,"Kubo,T., Islam,M.A., Ali,M.H., Hossain,S., Kaniz,M., Tun,M.N., Morita,K.",2006-07-18,2012-07-31,ssRNA(+)
JN036391,Dengue virus type 3,Orthoflavivirus denguei,3,BDH88-06/DENV3,1479,partial,Bangladesh: Dhaka,Bangladesh,Homo sapiens,blood,"Kubo,T., Islam,M.A., Ali,M.H., Hossain,S., Kaniz,M., Tun,M.N., Morita,K.",2006-07-20,2012-07-31,ssRNA(+)
JN036392,Dengue virus type 3,Orthoflavivirus denguei,3,BDH113-06/DENV3,1479,partial,Bangladesh: Dhaka,Bangladesh,Homo sapiens,blood,"Kubo,T., Islam,M.A., Ali,M.H., Hossain,S., Kaniz,M., Tun,M.N., Morita,K.",2006-08-03,2012-07-31,ssRNA(+)
JN036393,Dengue virus type 3,Orthoflavivirus denguei,3,BDH148-06/DENV3,1479,partial,Bangladesh: Dhaka,Bangladesh,Homo sapiens,blood,"Kubo,T., Islam,M.A., Ali,M.H., Hossain,S., Kaniz,M., Tun,M.N., Morita,K.",2006-07-20,2012-07-31,ssRNA(+)
JN036394,Dengue virus type 3,Orthoflavivirus denguei,3,BDH191-06/DENV3,1479,partial,Bangladesh: Dhaka,Bangladesh,Homo sapiens,blood,"Kubo,T., Islam,M.A., Ali,M.H., Hossain,S., Kaniz,M., Tun,M.N., Morita,K.",2006-07-18,2012-07-31,ssRNA(+)
JN036395,Dengue virus type 3,Orthoflavivirus denguei,3,BDH202-06/DENV3,1479,partial,Bangladesh: Dhaka,Bangladesh,Homo sapiens,blood,"Kubo,T., Islam,M.A., Ali,M.H., Hossain,S., Kaniz,M., Tun,M.N., Morita,K.",2006-07-15,2012-07-31,ssRNA(+)
JF968064,Dengue virus type 3,Orthoflavivirus denguei,,D3/Bangladesh/0809aTw,1479,partial,Bangladesh,Bangladesh,Homo sapiens,blood,"Huang,J.H., Su,C.L., Yang,C.F., Liao,T.L., Hsu,T.C., Chang,S.F., Lin,C.C., Shu,P.Y., Huang,J.-H., Su,C.-L., Liao,T.-L., Yang,C.-F., Chang,S.-F., Chang,M.-C., Hu,H.-C., Hsu,T.-C., Lin,C.-C., Shu,P.-Y.",2008,2012-05-31,ssRNA(+)
JF968085,Dengue virus type 3,Orthoflavivirus denguei,,D3/Bangladesh/0911aTw,1479,partial,Bangladesh,Bangladesh,Homo sapiens,blood,"Huang,J.H., Su,C.L., Yang,C.F., Liao,T.L., Hsu,T.C., Chang,S.F., Lin,C.C., Shu,P.Y., Huang,J.-H., Su,C.-L., Liao,T.-L., Yang,C.-F., Chang,S.-F., Chang,M.-C., Hu,H.-C., Hsu,T.-C., Lin,C.-C., Shu,P.-Y.",2009,2012-05-31,ssRNA(+)
EU448423,Dengue virus type 2,Orthoflavivirus denguei,,D2/Bangladesh/0510aTw,1485,partial,Bangladesh,Bangladesh,,,"Shu,P.Y., Su,C.L., Liao,T.L., Yang,C.F., Chang,S.F., Lin,C.C., Chang,M.C., Hu,H.C., Huang,J.H., Shu,P.-Y., Huang,J.-H., Su,C.-L., Liao,T.-L., Yang,C.-F., Chang,S.-F., Lin,C.-C., Chang,M.-C.",2005,2008-12-31,ssRNA(+)
EU448424,Dengue virus type 2,Orthoflavivirus denguei,,D2/Bangladesh/0411aTw,1485,partial,Bangladesh,Bangladesh,,,"Shu,P.Y., Su,C.L., Liao,T.L., Yang,C.F., Chang,S.F., Lin,C.C., Chang,M.C., Hu,H.C., Huang,J.H., Shu,P.-Y., Huang,J.-H., Su,C.-L., Liao,T.-L., Yang,C.-F., Chang,S.-F., Lin,C.-C., Chang,M.-C.",2004,2008-12-31,ssRNA(+)
EU448445,Dengue virus type 3,Orthoflavivirus denguei,,D3/Bangladesh/0711aTw,1479,partial,Bangladesh,Bangladesh,,,"Shu,P.Y., Su,C.L., Liao,T.L., Yang,C.F., Chang,S.F., Lin,C.C., Chang,M.C., Hu,H.C., Huang,J.H., Shu,P.-Y., Huang,J.-H., Su,C.-L., Liao,T.-L., Yang,C.-F., Chang,S.-F., Lin,C.-C., Chang,M.-C.",2007,2008-12-31,ssRNA(+)
EU448446,Dengue virus type 3,Orthoflavivirus denguei,,D3/Bangladesh/0611aTw,1479,partial,Bangladesh,Bangladesh,,,"Shu,P.Y., Su,C.L., Liao,T.L., Yang,C.F., Chang,S.F., Lin,C.C., Chang,M.C., Hu,H.C., Huang,J.H., Shu,P.-Y., Huang,J.-H., Su,C.-L., Liao,T.-L., Yang,C.-F., Chang,S.-F., Lin,C.-C., Chang,M.-C.",2006,2008-12-31,ssRNA(+)
DQ518665,Dengue virus type 3,Orthoflavivirus denguei,,Bang0108a/Tw,1479,partial,Bangladesh,Bangladesh,,,"Huang,J.H., Liao,T.L., Chang,S.F., Su,C.L., Chien,L.J., Kuo,Y.C., Yang,C.F., Lin,C.C., Shu,P.Y., Shu,P.-Y., Huang,J.-H., Liao,T.-L., Chang,S.-F., Su,C.-L., Chien,L.-J., Kuo,Y.-C., Yang,C.-F., Lin,J.-C.",2001,2006-11-01,ssRNA(+)
DQ401689,Dengue virus type 3,Orthoflavivirus denguei,,mutant BDH02-01,10707,complete,Bangladesh,Bangladesh,,,"Islam,M.A., Khan,A.H., Ahmed,M.U., Begum,N., Chowdhury,N.A., Nabeshima,T., Inoue,S., Hesebe,F., Morita,K.",,2006-03-15,ssRNA(+)
DQ401691,Dengue virus type 3,Orthoflavivirus denguei,,mutant BDH02-03,10707,complete,Bangladesh,Bangladesh,,,"Islam,M.A., Khan,A.H., Ahmed,M.U., Begum,N., Chowdhury,N.A., Nabeshima,T., Inoue,S., Hesebe,F., Morita,K.",,2006-03-15,ssRNA(+)
DQ401692,Dengue virus type 3,Orthoflavivirus denguei,,mutant BDH02-04,10707,complete,Bangladesh,Bangladesh,,,"Islam,M.A., Khan,A.H., Ahmed,M.U., Begum,N., Chowdhury,N.A., Nabeshima,T., Inoue,S., Hesebe,F., Morita,K.",,2006-03-15,ssRNA(+)
DQ401693,Dengue virus type 3,Orthoflavivirus denguei,,mutant BDH02-07,10707,complete,Bangladesh,Bangladesh,,,"Islam,M.A., Khan,A.H., Ahmed,M.U., Begum,N., Chowdhury,N.A., Nabeshima,T., Inoue,S., Hesebe,F., Morita,K.",,2006-03-15,ssRNA(+)
AY656669,Dengue virus type 3,Orthoflavivirus denguei,,114,1479,partial,Bangladesh,Bangladesh,,,"Podder,G., Breiman,R.F., Azim,T., Thu,H.M., Velathanthiri,N., Mai le,Q., Lowry,K., Aaskov,J.G., Lowry,K.S.",,2005-11-26,ssRNA(+)
AY656670,Dengue virus type 3,Orthoflavivirus denguei,,164,1479,partial,Bangladesh,Bangladesh,,,"Podder,G., Breiman,R.F., Azim,T., Thu,H.M., Velathanthiri,N., Mai le,Q., Lowry,K., Aaskov,J.G., Lowry,K.S.",,2005-11-26,ssRNA(+)
AY656671,Dengue virus type 3,Orthoflavivirus denguei,,165,1479,partial,Bangladesh,Bangladesh,,,"Podder,G., Breiman,R.F., Azim,T., Thu,H.M., Velathanthiri,N., Mai le,Q., Lowry,K., Aaskov,J.G., Lowry,K.S.",,2005-11-26,ssRNA(+)
AY656672,Dengue virus type 3,Orthoflavivirus denguei,,Apu,1479,partial,Bangladesh,Bangladesh,,,"Podder,G., Breiman,R.F., Azim,T., Thu,H.M., Velathanthiri,N., Mai le,Q., Lowry,K., Aaskov,J.G., Lowry,K.S.",,2005-11-26,ssRNA(+)
AY656673,Dengue virus type 3,Orthoflavivirus denguei,,Jacob,1479,partial,Bangladesh,Bangladesh,,,"Podder,G., Breiman,R.F., Azim,T., Thu,H.M., Velathanthiri,N., Mai le,Q., Lowry,K., Aaskov,J.G., Lowry,K.S.",,2005-11-26,ssRNA(+)
AY656674,Dengue virus type 3,Orthoflavivirus denguei,,058,1479,partial,Bangladesh,Bangladesh,,,"Podder,G., Breiman,R.F., Azim,T., Thu,H.M., Velathanthiri,N., Mai le,Q., Lowry,K., Aaskov,J.G., Lowry,K.S.",,2005-11-26,ssRNA(+)
AY496871,Dengue virus type 3,Orthoflavivirus denguei,,BDH02-1,10707,complete,Bangladesh,Bangladesh,,,"Islam,M.A., Ahmed,M.U., Begum,N., Chowdhury,N.A., Khan,A.H., Parquet Mdel,C., Bipolo,S., Inoue,S., Hasebe,F., Suzuki,Y., Morita,K., Sophie,B., Parquet,M.D.C., Nabeshima,T.",2002,2005-03-05,ssRNA(+)
AY496872,Dengue virus type 3,Orthoflavivirus denguei,,BDH02-2,3033,partial,Bangladesh,Bangladesh,,,"Islam,M.A., Ahmed,M.U., Begum,N., Chowdhury,N.A., Khan,A.H., Parquet,M.D.C., Bipolo,S., Inoue,S., Hasebe,F., Suzuki,Y., Morita,K., Sophie,B.",,2005-03-05,ssRNA(+)
AY496873,Dengue virus type 3,Orthoflavivirus denguei,,BDH02-3,10707,complete,Bangladesh,Bangladesh,,,"Islam,M.A., Ahmed,M.U., Begum,N., Chowdhury,N.A., Khan,A.H., Parquet,M.D.C., Bipolo,S., Inoue,S., Hasebe,F., Suzuki,Y., Morita,K., Sophie,B., Nabeshima,T.",2002,2005-03-05,ssRNA(+)
AY496874,Dengue virus type 3,Orthoflavivirus denguei,,BDH02-4,10707,complete,Bangladesh,Bangladesh,,,"Islam,M.A., Ahmed,M.U., Begum,N., Chowdhury,N.A., Khan,A.H., Parquet,M.D.C., Bipolo,S., Inoue,S., Hasebe,F., Suzuki,Y., Morita,K., Sophie,B., Nabeshima,T.",2002,2005-03-05,ssRNA(+)
AY496875,Dengue virus type 3,Orthoflavivirus denguei,,BDH02-5,3033,partial,Bangladesh,Bangladesh,,,"Islam,M.A., Ahmed,M.U., Begum,N., Chowdhury,N.A., Khan,A.H., Parquet,M.D.C., Bipolo,S., Inoue,S., Hasebe,F., Suzuki,Y., Morita,K., Sophie,B.",,2005-03-05,ssRNA(+)
AY496876,Dengue virus type 3,Orthoflavivirus denguei,,BDH02-6,3033,partial,Bangladesh,Bangladesh,,,"Islam,M.A., Ahmed,M.U., Begum,N., Chowdhury,N.A., Khan,A.H., Parquet,M.D.C., Bipolo,S., Inoue,S., Hasebe,F., Suzuki,Y., Morita,K., Sophie,B.",,2005-03-05,ssRNA(+)
AY496877,Dengue virus type 3,Orthoflavivirus denguei,,BDH02-7,10707,complete,Bangladesh,Bangladesh,,,"Islam,M.A., Ahmed,M.U., Begum,N., Chowdhury,N.A., Khan,A.H., Parquet,M.D.C., Bipolo,S., Inoue,S., Hasebe,F., Suzuki,Y., Morita,K., Sophie,B., Nabeshima,T.",2002,2005-03-05,ssRNA(+)
AY496878,Dengue virus type 3,Orthoflavivirus denguei,,BDH02-8,3033,partial,Bangladesh,Bangladesh,,,"Islam,M.A., Ahmed,M.U., Begum,N., Chowdhury,N.A., Khan,A.H., Parquet,M.D.C., Bipolo,S., Inoue,S., Hasebe,F., Suzuki,Y., Morita,K., Sophie,B.",,2005-03-05,ssRNA(+)
